id,predicted_price
2591820310,285726.9504270947
7974200820,737493.8074118104
7701450110,918460.0672380321
9522300010,1414002.1038202182
9510861140,565408.9453139853
1761300310,158460.87618794446
7732410120,617501.1326569705
7010701383,545892.2043152516
291310170,302728.9550972167
4232901990,460059.7936029791
6840701125,504411.9804794042
3971700580,304770.0413262258
4202400078,170665.70643188956
6064800090,224391.44877484426
2626119028,105030.75970711128
3303980660,863619.7750060009
862000020,514459.4722859527
2386000070,741399.3436295781
1138000450,273742.9556937549
1775800420,345059.1226095868
2291401425,293715.5005715529
2025770560,809409.8714406232
3525069037,568114.5823877384
9324800450,434134.6195706667
8080400136,443804.55546331994
8651540040,387809.37586028693
9407001790,169153.9350089458
1773101530,145269.0667286479
9432900250,242896.9848063693
1794500695,567029.777188656
2220069003,306725.07580900844
923000120,412739.2956377235
5728000060,417749.832667497
16000200,166189.98660244036
1926059094,332066.06687663356
6672900220,845330.0488736191
3629860060,576606.0448884733
1822069109,251097.76599951411
6675500105,283151.43086917436
249000180,1675719.0799460702
226059065,404476.31794235494
396100110,212297.16178594803
9264450460,228457.00275296936
7853361210,314302.896467142
9474700020,206635.8782605322
421000455,162207.8811697644
3755200220,296469.7765413015
7960100075,383400.4086818794
9477100490,290072.592408129
9138100350,627888.8649326015
1624049275,298215.29564492457
2770606890,365876.22053434094
1157200189,272897.70708265255
2770601800,349862.19004235766
9301300805,440037.7088797097
2325069032,867794.0825539501
1021079099,237815.35571816438
7215730040,607777.3812716721
1853200080,345640.1627933654
3224600340,530045.7249473487
3222049120,303679.0274955393
2113700025,172280.01136914012
7893207925,139887.214955404
3586501085,471205.0506143882
8024200010,243504.2254148819
7116500705,117863.93554360904
1598600209,211794.17979407014
7204200025,806102.3046642675
4206901505,429407.51810372586
2937300440,754466.1397962233
7205000180,243718.07927024676
8718500665,276436.04031759995
5318101765,813264.7015958992
4122700020,840989.4668984504
8078700020,447115.71309412306
3303980680,752646.3303292117
8924100372,983676.9093596415
2781270210,142679.86383595716
519000043,439785.5544631812
3225069301,1348178.1329189108
151000075,712145.6247825522
2297400020,351694.11444376956
6617500085,482466.15188159805
104510180,157430.78668520035
3528900060,849218.2841927033
3345100286,376429.30344032677
1226039130,323764.0365561936
8712100720,710020.365980674
3037200010,265363.0679308966
3626039268,294012.5701764791
104510230,171182.8318996071
5112800060,297410.4107658438
6072400280,507692.84734814224
5317100570,1061392.4237155677
9528102993,422853.17862201517
2919201095,383051.16030987387
6181400920,175236.03602856037
185000161,146433.38908476388
8691400010,603968.9703529632
3345700165,385336.89981828403
6151800486,165384.00402681582
4340000080,1093434.934413394
4136960010,394081.3730061831
3634100030,216785.58764380997
1624059224,959914.3172452683
2788400090,177639.81234566733
9828200762,308254.20650396624
7524400250,416040.4667959428
3528000290,587810.9710085294
5700003630,1529611.1202489585
2720069019,256012.1476255098
7227501170,166442.82935654128
2397101270,544672.1488175609
6792100090,531853.7125414932
2770602265,415793.7009143436
3971700937,210491.8049940362
422049203,141808.70620123265
3076500830,271227.11579220585
1423400260,186221.70994763472
9161100795,373492.3529158643
3126049052,348008.64572194987
5100401468,318063.87127803714
514500235,350067.0211482967
1423200170,119795.49516299517
1402100070,269727.402338156
624110020,614836.6552402483
2407000145,137857.6848689881
1890000225,626115.5344946565
1320069271,241432.50549911492
5490700085,232794.36750906313
263000155,396390.104833373
3726800201,307974.0153627631
5153200358,186111.93650500124
2725079018,567015.8909932153
7165700200,153718.23598998392
9429000170,453792.2283511012
8718500075,296989.18739976356
1760650950,216056.1452265525
1068000559,911935.318041947
4113800500,464886.2802424092
4077800507,432922.5096049861
2725069150,603721.9451189055
4008400035,508105.8433224016
7016310270,320421.4147798214
1432701230,141308.67919661873
3278606050,278741.8169597595
2473350710,257298.54889487926
2185000685,106521.06945271934
7792000025,204689.92852615737
6868200029,358456.30739177193
624069003,609753.7561833546
7431500280,710955.0873355648
3296000040,432666.9497473674
1118001215,1514307.0864944095
6453900040,510809.73040496034
333100209,512814.0849242966
34001765,497776.6204345197
8946700100,280916.19454928563
5561401210,401945.0104709773
6671900095,315267.0271626805
3275850020,530546.8780369107
3876300600,302039.79470932356
1450900020,187886.83663759817
8562780280,229346.1165528442
7663700973,222035.49715943963
2126049032,316543.10224740877
1823059159,106994.56972718018
3438503426,164502.37314932927
9297301495,410553.48320063634
7140700850,251176.68230935006
7942601805,475084.443366679
2555900030,276283.652011166
2887970040,182887.51558885357
7419700010,484966.2826531715
2239000011,319585.64110764384
9283800050,267987.2516094595
9407001340,207134.84818750105
217500140,425429.013358403
7212660520,166808.6615039245
3298201170,245410.4507930794
3057000400,197859.15590341593
6865200444,384973.94646633405
6071600340,402036.7851484869
6821600005,593785.5847626713
1235100371,543709.6436204063
7796450340,238393.37401184332
3603000410,107350.2132369937
9297300255,469342.4580606593
9126100850,406323.0875105655
2770601462,333744.70634573995
2599001500,146680.13912124504
1102000095,444806.6540401526
1853080640,782040.7043003885
9551201585,986108.7635064395
3438500796,274379.7760477873
7518504291,408764.20741456
9269200340,300301.37725353753
715010130,1409936.7375638548
1982201485,456728.7505945538
9526500080,291967.62342728884
9277200180,351663.2994936167
6669150280,195898.729567278
8917100153,475648.3783763808
3760500516,819845.7028797321
2725069050,809269.7164322988
3332000091,242869.41118927902
8562770080,436975.9899944224
8151601190,199923.21880865173
8563040160,453750.1093385131
240000269,546315.2922992815
4307350200,242276.5710596097
1311910300,189441.8675658253
3574900030,415910.54026370816
7853230570,345370.9976595619
320069049,326857.5386662359
9839301060,505048.4776038749
7011201333,449481.66132281674
2781320100,175623.50960282172
3421069120,263719.0101694801
7852030320,366818.47007504664
5316101075,2027732.7312615705
5309100750,413108.2336059046
629000730,612117.9022030853
511700170,219970.65422517547
1562100030,418940.77005795797
2489200230,495863.9530326256
524069116,389634.2798306924
5315100737,948313.1538141675
1868900675,710339.7919493099
1608000120,246276.4398599368
705700240,266769.1016875426
7575600610,188778.4110188002
1778500015,564706.7732038817
5423500240,135644.02593442902
6713700025,276989.62894867436
2734100734,183593.41212700735
301402280,132524.4909767184
2113700205,189599.2196515709
4114601570,3311654.3612815966
3332000615,233354.3061292878
3630050180,261812.53977548645
6852700520,400897.11113687226
6870310010,516321.41431712394
6163900981,213731.65728971115
393000142,274238.63668005896
1771100130,257399.20124361594
1442860160,291182.77768698207
9191200435,460265.76053148985
6788200800,829657.7650474572
1115300070,667423.3126489148
3176600105,650409.6607469515
2770604665,485601.32998049253
5469500580,309638.0236384415
5680000545,353898.70279939874
3424089119,399395.30559732806
1328300180,231200.30278970877
1773100922,265597.0597308476
4123830480,263577.06838066765
9808610190,790578.2189128799
4250200140,202210.73607004306
4217402115,3643762.8998487424
3831250350,294146.898115433
2397101055,752488.8864393436
6817850110,667174.0671107863
7526800200,489234.1543359592
7853370100,520215.19263129804
2523089025,811556.4797454188
9476200680,189203.5049152819
5714200140,304256.84027145285
3575304895,416123.92007867387
263000018,346167.22249262506
8080400177,373360.9778648512
6450304130,237993.6181886913
514500090,481165.7917743726
9477000300,384941.6296846611
853600310,1201683.6799595994
1951600240,137154.63023329692
1099900120,239927.15881729795
5323100120,448698.5740882913
1223089016,302455.30702890735
522059172,163284.99595682276
1930300190,598770.8263542429
9542840410,225196.63735584007
8665050530,369900.65342931723
5592900205,285522.45599497895
5450300010,591752.0513937455
2459960030,263844.05526397534
3331500455,505245.0869057184
3432500705,328526.6634846534
3702900165,253542.47389281064
5249803550,489880.7584878757
626049058,315546.4416681727
1788900380,120530.25929976914
8075400360,147389.0625964344
9113200250,568105.9535763636
2738640040,507757.8948356519
7821200307,404884.13719137385
3530440140,158742.5915854486
3582700130,339732.8321274825
9276200569,593138.359829794
7197800020,440489.3667607714
686200490,426736.16800118564
3501600100,328145.0761559531
6383000690,547146.9896247219
7604400150,303477.269962931
5249801411,573285.3445174744
2607720420,352762.5721054013
9561100010,316541.40632361994
1796370590,178873.8859700003
4077800593,312946.26414530305
854000165,198709.16738198276
5536100010,466505.3572026067
4188000670,618605.1284719474
31000165,1274220.1590506998
662350050,686118.0231840006
4137000280,198643.37157185544
6169901130,859092.961022722
1953400510,192037.78033403994
7518506716,937046.5125606614
1552520010,291637.61771910125
7955080270,241890.76552646013
9212900100,399146.30606509815
3438500798,281995.49573506654
7899800890,176162.0820647029
4319200605,436493.77962553373
1329300480,276001.83204069466
8935100100,696688.1067779243
5016001260,329679.8322978773
4337600280,220222.40982542624
1446401220,132690.75994734932
7135521530,565679.2886489942
6888900115,121185.30429540979
2413301070,198118.34332307946
345700040,217357.26639319796
5566100145,419484.61087844
7634800070,350706.60924659896
9346910500,505418.9927584873
3529300060,248060.15812244389
8128600060,757345.4370341323
8572900275,145961.23067479383
4139420590,1222551.6841708766
9274200322,471629.8145943436
1472700200,484867.8744197126
8820903380,423346.3862859802
8563010130,757364.1747807307
8965450110,634323.8249469874
9274204230,354907.25929179695
8165501700,266616.7964072175
2193340260,429069.9834336862
1860600290,731565.370709122
1222000055,160682.8818076231
2492200280,381415.1873599095
2488200455,262160.43274828437
809001520,1072358.2040995527
1796361140,175954.15371263737
6398000011,718122.7493027031
6813600365,531405.5402268154
7504100920,641699.3869854367
8835770330,609596.2606116824
524059322,790102.700044373
4307330280,302182.4844663727
1245002952,941372.5918924406
2021069059,203854.2376385297
5700000595,601392.7441739653
3629970930,592134.9379271747
3336002215,216450.59099692525
5100401060,470450.6457443143
3278600750,209976.29000830709
1126069045,882608.3108402723
7568700175,232287.96208280203
452001475,443704.95527796115
9283800230,404123.00431458774
1737300130,392326.62759433175
6189600040,387184.9844094151
3679400025,411677.82236790744
1096100010,245180.12801485392
9513900050,187775.57752471897
5452800645,710726.1655435697
273800100,161182.08076522403
7228500037,334217.07200322754
808300090,354687.7179531864
2493200215,475901.97562339297
5035300255,580280.210580078
3380900160,273307.3717282319
3630000130,324214.9704839304
7300400670,224040.74666000303
6798100070,295244.5389319739
8078400010,442205.23161514866
5566100060,476303.07452681125
2768200212,424697.4076641735
4035900060,436420.23556796846
9460000110,236244.37028825504
7199320190,419659.71940252755
2225039081,417604.78673838277
9512200050,454890.71692197584
2634500085,219351.43473391872
3654800200,215697.99801757344
2724079090,1176474.484516589
2597520720,639841.1160528368
3034200426,285028.4208352856
984000130,218230.6482606868
7852020670,341234.5388344292
7923500060,515345.6849059262
2310030510,231735.09822832863
2205500540,371617.9003218628
2493200015,351277.2745036542
7853361420,457181.14145937294
5652600605,393442.17387346854
5285200020,218676.2311137886
9406530150,265749.6711780244
5706300020,390413.3915283482
3278602490,293116.54160131403
7197000100,428548.9281127728
4447300008,466823.90283084434
7899800045,188255.98730557156
9250900095,271815.00762466615
9268851740,449507.65172861324
8682261440,409610.29217441444
7284900385,623286.7092798095
8079040300,364313.2694917781
2225300585,327182.7947949717
3223039013,417060.70081752975
2013801350,189343.4333094603
4055701110,605010.656402773
3578401770,320194.760505047
4046500720,381393.30737953057
6145601745,305955.320089338
5207200195,601031.9320723494
1972201856,424605.9930652273
7212680080,195547.7255686174
7277100510,491624.6337671705
522079022,461327.52460483945
5605000440,758217.7935059294
6632300230,271415.6991976403
8815400165,511285.0231838929
6708200320,359532.70804670395
2426059076,521700.7349554232
3260200200,532470.076525348
2770601741,336099.3564458407
4338800500,180971.35759428583
9201000320,566529.8103347076
7655900038,247206.89185531755
3625059140,441497.64749169105
4222310010,149257.25146204815
2114700115,240991.6590042384
3291800710,273435.26360429404
9406590010,325197.31516428135
3025059124,2800813.8071724866
7972601250,322053.7194634367
930000470,674770.4058393138
6690500060,397963.7020477883
16000015,138245.23066409247
5693501102,447511.9817893148
8079040490,357466.361158094
7225000155,256283.73393735234
8819900170,664871.2847197739
7972601270,269236.8386463614
1224069074,672169.9876757725
5126900321,254087.06674840773
3438501860,213753.7700538656
2822069080,338901.0398742514
1656600310,436051.3566606299
3856900507,1032620.2083714148
1626069139,369906.1964852251
2524049257,1110553.7454984295
3904960150,437583.94248909096
7214820610,344531.4689753047
7977201845,482633.9020658231
2428100080,795617.138608112
2202500135,306771.645678926
1523550220,492363.709527477
2313900610,383135.9406307411
4123840050,305096.6119052538
2125059124,837929.3667080158
1225039067,334473.632782421
6431500283,435576.3222851528
2473380010,239638.2668852011
5694501195,314340.270270496
2881700046,287625.4678851337
6837820330,240297.98825309955
2337300370,155316.39084326682
3876540630,170994.4251616884
626059317,274422.7022436612
3374500520,243843.09394373582
7228501903,270279.60127742414
4019300051,429369.3584064824
4232902615,456060.6165335542
3546000090,194770.0543888918
8127700215,702048.042330707
3438501100,290145.62675750593
1769600066,696996.5893215609
8146100610,479081.4871512647
3052700695,462676.2050832326
7954310210,471059.8644581423
3761700053,1920287.2705409506
1320069179,332558.5331919913
1331900410,588680.176968299
7303100210,290773.8520224864
2464400285,371392.1120369311
6163901150,305699.46851833636
8955800045,246683.59047875044
2314300200,308677.95885903214
9528104360,304044.08268662833
4177100005,461710.8016026305
8856960260,259998.80592645227
1828001220,477469.0936653927
3066400710,552311.8681606287
624110610,758720.4511906209
4040800260,306859.6340885432
5019500215,424635.81381745124
2481630180,885295.9650848793
7203170190,557633.1790703697
510001280,808603.0949567144
9430110120,637729.4348611676
1565950030,253696.491200251
9828202255,657410.1525565205
3878900270,334158.0338060874
8091600080,177090.5029886502
1112000035,245937.34095006902
2228900270,264446.36963633995
6648701740,221651.60226223868
1245003740,650415.2925886092
2174503441,543997.5572043423
7708250010,263009.57855713135
6072300110,450666.4688784995
2329800140,206852.49882520185
1494300040,408009.99130895187
3832050130,252396.67958878513
7203100730,642016.7708034245
7199330170,396808.6327281047
7785000220,626044.6312952163
1250201175,327887.94065975514
4054500180,798379.2871246177
7905200061,391373.31444164214
3751604895,124740.01256483725
5220300140,283150.88212375453
3323059027,244400.98888460454
8651611980,705866.8926515746
8673400190,403464.4994263694
1668500100,594949.6606180709
1023059365,466082.3534418256
3308030060,255505.59079117497
4232400860,692135.8024755393
2144800615,189568.91062495916
1568100920,1620854.326317391
9406510040,356042.10746616236
2923049421,286526.3803027691
1051000040,1284051.1794661605
2077700042,541940.0687817083
9423800030,195246.4607402927
9818700455,527813.6961783707
7133300675,281446.9036072529
4113800550,506694.7460706411
5553300375,1437354.366904406
2025701530,230796.2804323837
7942601155,345174.97272988554
7524300020,218666.01893007546
2520069100,244850.62135480045
5412300410,164404.68738605568
7504110760,606780.8386918884
2594200350,390133.03823662415
2722059013,200272.8898464946
8078430480,461985.0358775711
1423069162,417321.1722064211
8856001090,127061.63051291482
7000100631,626443.0396878956
4222200280,166672.42788366418
7971300050,499439.55377210694
2009001600,194814.20025179733
6619910140,539722.8410460845
2877100985,421155.4787078901
1196000007,269579.0988341735
1330850130,627586.5592521572
6664900410,211875.51588812954
1231001110,293816.3641018696
9235900030,226443.44143475234
9407101840,224966.98577633887
9523103001,352959.50737020915
2149800278,277448.3390925002
7234601198,552299.5138619192
9476700035,310858.7761258125
9297301065,471494.97355607944
518500700,632812.314674674
7843500090,237298.9215499485
6056110780,237069.98406130637
2345700260,265236.86719727167
3509600070,182784.3250265633
1431700280,280260.44322528056
1623049174,200152.67908720564
3024089049,288542.3420920202
7853340450,324034.1982899455
7732410360,644997.7674935719
1446800995,249544.85727860418
2946000285,190457.00782281178
425079100,350551.7063893928
3876313040,372183.2169996692
1762600260,1004108.1123162895
1925069121,986004.5667474632
7443000480,631659.620549612
7820000015,305464.46649047086
4027701253,454081.4039687508
2826049165,321121.8867677148
5426300060,782680.718882151
1278000210,115359.11830685867
923000270,337270.86728751863
7657600005,192943.32500071355
3024079057,297256.7081514294
3276180020,249676.52840987517
7304300760,238358.2876693337
3908100020,533611.0434408438
8835400805,504822.5498253032
4051150070,176974.81210647183
3904930530,368786.8603957533
6163900971,346229.7330745136
7942600310,319358.8817168359
4365700330,265699.9422618901
423059207,253353.53509006096
3992700265,318861.9107601029
7177300090,381729.03317183466
2540820010,623848.073648186
5700002510,860892.4673896835
5201000030,455163.91511664033
7631800015,2426715.687048185
2922702965,580196.550836307
1525059198,849974.0661152971
1245003160,680748.3189068112
3810000455,259037.14012290738
7855600080,514651.01033310976
5701500030,1133934.315515643
7504020400,505298.3164285163
1402600570,257037.52089365007
7575610760,223866.59127174728
8731990370,271999.6523744638
5021900090,759486.0590262134
290000075,407759.7891219566
2841500010,352006.3491282318
3955900830,343667.86152639147
7852110140,439257.47441680904
1311400350,191421.2198170481
7773800015,474617.69943615934
4123400320,420074.2481263796
2725069157,734756.5609066796
666000143,629070.9374303073
5101408678,456819.923740215
6371000026,283227.8809002843
2024059084,662195.990864425
7283900036,293979.9460494212
8881900230,563421.4984965539
3959400135,308712.0316305058
7696610270,177817.2603779965
1689400150,732414.6271034854
5103900015,326418.0949483246
1441000350,359470.56454676413
5101408735,294796.178566529
3126059027,1830806.5288633935
2320069014,475162.2214517674
9541600015,597479.5275632265
8682320420,593235.4545196592
1562200090,528694.9644041172
3395070980,400526.30066055537
7349600230,195655.86258595507
522049122,214948.69338820362
869700060,213437.58611825798
811000055,1274456.6286459616
1221059176,377118.8940110181
1523059103,435106.917778877
2025760210,520036.0876963154
9218400088,249980.0308440945
8682292020,419752.04085587413
2623089135,304009.3012681258
3758900259,1117808.8509039087
524069049,549566.6523970427
3121500150,629649.9742982516
5581400080,651110.1086779389
8087800020,370244.00220501714
4070700290,677671.2721681646
3296000170,487245.77758695383
9238500040,411026.9177837094
2744600040,296460.7164677831
6813600380,661037.8084093814
6140100150,390990.28156183416
2201500555,366802.15768604726
2600110250,561908.2530007273
4337000275,139126.09803700887
1186000150,486885.759553915
1972201963,413149.1992792217
1105000745,283026.90650125494
2887700560,514794.1160845083
4039700080,593721.3460471028
522049104,202533.91162536838
4202400078,206156.1307332305
7520000695,165688.2760696043
7714000310,326343.88668444793
4319200060,618895.4751040224
8624700015,530235.7452784423
5104520610,256821.7427588335
2354300845,246699.29348678462
3824100291,394745.5771793991
6151800612,224734.0606571659
5454200080,911845.7007563434
6413600290,281063.8990030671
2131200065,246606.49433468966
1459920010,242993.15740906677
50300090,323141.7315481696
2326300090,603475.8403858973
7714000070,326267.76504974894
3630180500,883348.411941337
1727850340,867936.5033361495
8691430330,916230.1721655093
2310030390,220472.44609267355
5561400610,395224.133011972
7010701016,417031.6771862339
7883605915,168990.66642216907
1282300995,278242.2819734168
4040700310,380581.3389770348
3353400435,202313.32652381077
2143701015,352554.1736936661
255450020,330169.3863068976
1020069017,373525.902775431
4038200120,378195.5609353244
9284801100,217557.93649598002
1965200075,519317.8565866273
847100047,483720.12291953125
4038700720,437221.672488276
6815100085,788878.190259782
2508000020,293413.827307299
255520180,539237.7209178162
6822100750,610639.9638216363
869700050,282408.73203708726
1775801405,530461.815922458
6600400090,157402.627712926
7202330270,370221.3197183603
1683400165,645442.3168665951
2625069070,817229.5439448196
7625702440,370137.0194314376
3388000640,184103.4673945697
1899400365,286750.6092169986
6899990200,598108.9641398994
5569700020,711702.5814308872
986000045,190858.23284654666
3293700221,248122.1114008101
3764800250,283125.89909458725
2291400566,289281.10537149874
4219401236,1220561.616668
4239400840,129300.21774040922
7211400990,181700.02427046775
7696500280,155465.41606693907
7215721070,433279.9439732176
3204850140,299399.1606062509
4322200220,544662.748218714
2566300100,913557.8857854104
1944900090,361829.97322045907
6648500390,215695.2471911951
7385300020,601752.0921380143
1704900135,301035.87163773796
2877100655,607668.0455562533
2726079098,531486.0404764302
7625703800,447119.7098074893
318300040,386575.24263502983
7922800190,411750.6725376332
2023049361,144714.9208112411
8946400210,384036.3386555841
6071600450,469129.2399262528
4343800100,335078.2977680696
1443300140,271277.15444061504
1024039001,793769.8777754542
2767704860,563984.7642963417
7234600851,553778.8884387511
644200065,765947.6180602475
7784400035,654836.7939649781
3826000560,169691.51014256867
9272202260,254639.8726000502
263000253,397735.34969266853
3621059043,446535.99349215406
240000130,338419.56029029377
1352300120,171223.00953914158
7849200861,225628.454038799
2487700130,462354.6086446247
1796100140,203088.92432098463
7234601221,422032.97920129244
8651710190,397173.0567089062
2916200091,479793.02984611865
1232000915,446964.5570068016
1545801970,237297.3369576636
3211200420,295723.521492799
7686204675,158396.4701931584
3141600210,173225.38969690952
3959401284,409966.4290821243
2113700825,230523.6415186699
3876000710,343476.8053091892
522069022,467033.96557381673
3214200070,366166.0664039015
1221039156,237495.24662063632
259600790,377076.56799290667
785000040,406987.9698452786
8138870470,471832.3161099669
2596300035,253198.85842899256
540100057,1494924.6273539825
3073500045,463488.4020685379
5363200266,378991.496133823
8682261650,457488.67846152885
3224510080,699566.1896550423
3211270160,354295.45114453504
9269200520,198391.74127463615
293810190,401774.1612469276
4197400043,293223.36405103677
3026079031,255896.17741917953
5332200405,897319.8217471193
2473411210,248707.37673558225
9268200315,522851.01999274676
8123500050,517550.23944980896
3221069091,442300.3948648205
2485000165,556716.941077622
4058800215,497282.25004708744
1926059039,757903.0578970717
2533300680,813968.3249657617
3343903640,309771.96920293296
5700003705,972394.686763815
2023049372,322356.74707988976
4058800830,451412.28937521216
3333002302,353684.1027091142
2944500340,249387.19198636524
1982200790,447580.3919285718
8929000270,416474.6323203071
8122101440,228081.1689791722
7525530470,659878.0162819731
9332800020,537549.6892989943
3878900525,175873.10218891245
5420300210,212279.80788509693
9232900165,293248.6621447102
6414100026,335247.4249106387
3013300660,732900.7574126031
7954300120,483054.1918283323
1081200360,273177.95527253224
2877102345,404973.64019114734
2202500255,419336.06854664814
7984400050,160968.82951890398
9558020380,382285.95985764754
7812801850,184962.02827484882
8944460020,318107.84681619226
2306400040,469413.30953288986
8649400410,214354.24580381808
7889602020,200840.36436292127
2041000025,415898.11989910196
871001484,575630.7193370687
2767602141,446539.3217034155
3630180470,715997.5396424775
2769602140,371795.81318995275
2473250280,248531.8174855962
5422560660,424561.1576386249
3756600240,316981.5923132802
8651600160,765330.8641793474
7202300540,683432.4630150222
8961950250,339894.7249820055
3303000130,361694.1565124353
798000062,227294.55286678695
1695900150,774722.080620043
1604730150,482576.7241167463
4136930310,294807.5863466485
8835401250,1100904.3196493883
8665900328,385846.60000166117
9262800255,241423.5497677647
1853080570,719297.1449465841
5556300114,734561.120300925
9517200290,365377.9765026396
4037200295,444083.5714879601
7417100123,313808.82814227405
2620069077,185633.0780089441
7922720040,544082.3527957436
558100090,434518.7912747167
257000037,227578.7735614595
3319500385,382694.98027246085
9297301520,360871.0812481663
3580900090,305857.09563598374
1321039076,159135.94483981933
7227801581,276227.01009575854
9407001620,259444.73749975036
2130400150,278383.1174983165
2312400200,216738.62965717743
4046700210,306755.9466331941
1193000480,734043.1898370927
1492800296,440493.6084731795
3013300017,435115.4937907001
3630240140,498947.69170741446
1049010390,294316.0384097254
9320900420,136977.04345022846
4315700060,309338.85039318935
2591010290,289635.36489768967
323089085,640852.7477867714
6600400270,178620.9398899144
2919701105,429633.3572254543
7202360670,726397.8757519169
8927600100,748960.6100395259
3211700045,521744.7375627714
4027701326,377443.58645875973
1601600195,218051.42906992597
7853280350,630691.4331899803
3629970130,618736.9959141153
7203120020,592826.9960927342
9542900190,310124.0700155243
8035350120,424393.810634177
1238501184,971294.3457498888
251200240,424848.56736318144
8945300200,166585.91893827374
2162000160,907624.5471125785
5466310060,137929.4599492884
1239400064,751225.9587632997
5205000020,261788.3999198682
1720800305,479573.91580598295
7280300375,462578.38465263945
2095800400,387127.9267116062
7852010950,426512.614761111
1428001160,504801.3772775999
9528104910,683037.6028123074
8644210470,726601.4263695845
7923300310,493262.4792129315
254000100,533813.0023418005
1931300688,400217.52174108574
7007700030,390396.2995873599
422049178,186174.82600004986
422069067,405766.70571888797
2923049393,332482.6583978356
930000305,418689.84867442504
2461900448,411990.9400958841
2610100020,216325.9586844339
2895550050,212979.58256571676
7701700040,273618.96848144603
2460900020,425163.9580952666
9827700105,469454.4814909695
1005000240,236243.38076763932
7200001254,431544.187927028
866400040,510099.993280834
305000170,539862.5895724414
2260800110,749300.0209691839
3442000127,658840.5343249263
5253300437,413904.0629049659
7576700150,864305.6159471748
5469501410,387564.3195603562
5104531120,680667.1641298478
723049434,311050.1925405326
622069006,954572.1465999766
2517101200,269688.2615002704
8159620160,194941.21649778355
5561300640,377394.0699191161
3317010130,201188.11186491145
4364200250,364560.53740474035
8732300060,704906.0851501321
5603700025,638376.091812817
3585900190,974743.6750254112
3996900575,230983.91616532404
8731801260,199268.8348733953
3810000860,234976.6343338557
5700003585,1512286.8965869374
6332000050,475456.3996695082
9286100250,388634.53107275185
9471201110,840514.6723887497
9290800050,477278.9047887872
7300200400,515098.45219811786
526069024,831206.8924086448
1454600156,741494.8709860203
3904980360,435972.0238156107
2626119062,204098.7013405019
8651730290,362401.70103998715
7611200195,606837.2552270811
1919800260,540263.5079470502
6632900354,243925.83603679534
3972900195,291469.04597291973
5151600170,238271.79031001357
7016000440,398458.147668252
871000435,646098.0883612379
9578060540,443325.7556228287
2332700060,664332.5941382764
766000240,216016.78484966047
4363700200,271398.6303608776
7100000250,336027.34886757634
2781250560,191018.08454814315
2781250100,283096.57919626246
5419800220,224809.69668234544
7147600245,214609.19048862703
2926069083,770778.5717590959
6189200125,654336.676772263
9542830160,253889.13739380136
5152200020,213964.1403278733
9412900045,369819.7881524987
6600410480,137648.63349362774
6979970080,474933.11490029853
5636010280,240155.36497648509
1732801300,940865.8375133678
5561401530,408364.6261835738
9578500510,319106.45099463954
7304300906,302303.8701796345
1223089077,569930.1710582159
721049207,229420.7227133179
8691330310,706399.2485829677
1523069204,388883.72503035126
3188100105,626498.8009386167
6608500290,340878.44480113237
2891400410,286877.94589000667
7663700551,322028.26882103423
5413200140,222750.14810223866
425069139,539774.4221371271
6713700155,326518.44497624366
2767603505,416748.40303222544
7789000080,264419.5847253643
9211500620,199709.33709568504
3750604417,165118.27347200597
7922800320,479572.18728804745
1471620240,309481.9314123648
2222059052,321741.9611089956
9551200270,1110056.428263037
2767603160,489432.75846454286
9406710060,336408.9249365191
8929000250,296646.5949285413
5538300120,361028.9541056892
2223069120,356711.94496024976
1652500060,1425432.0169640644
8564500240,359453.2037307051
3629700120,535994.890040909
3943600070,346598.13958814944
4171200025,232313.31096702095
2425049063,3481640.538175635
9828701650,352090.8556183027
3581000340,304817.0939302306
8100900015,337068.44858541933
2125059161,1072105.5996681887
304000380,173688.65935780818
8146200070,1310411.4039102946
686530170,491517.73180749576
2917200645,404607.2276985784
9547200530,647243.4661051312
2122059199,320319.35477993044
1150000740,543241.2202108131
5706200060,302384.90437125467
9265410010,202728.12450516035
4083800555,421356.3588769111
6152900332,320076.5134905206
2520900301,178219.34530429987
9828200790,406624.4698353647
1657530180,244564.4410926366
7471900045,217491.2628936026
9828200460,354516.0051095231
1775900140,376665.4062027292
6139800430,370015.6869412297
7214400005,452770.5190994337
5332200026,429940.3770773412
9510970300,723485.7336113754
2540830020,389369.33342003287
3392100140,169487.5996230393
1326069191,315977.8763349946
2125059112,838695.1123397567
859000022,283709.3977760409
8854100350,639847.8049762221
121059007,179710.85295104474
7977201707,444911.9434306584
3859900060,2543714.5692782775
8815400735,719706.5552892407
705700530,293369.79365161527
6600780130,312924.3409181977
6378500105,363156.5459350223
8143000310,433390.7463724289
2877102330,586380.7751869615
3526039074,609921.5411622146
2115510300,213250.8812334242
3024059014,1990257.8219500605
2141330360,547504.68195037
546000400,424135.95889883436
2071500011,365566.91246763343
7972000240,191877.3234437505
7016200460,410303.7868978651
6204200180,403768.32142441964
1552100135,1123997.8186947517
88000173,336553.4174320593
2581900235,756729.5155544472
9211500560,204134.9909698759
621069218,372475.2800275597
1321970240,248792.95137340573
798000630,297098.2916242209
421000285,236352.97572586226
2824600180,673120.7155813742
3832051140,261808.46715026995
1237500105,547055.979173155
8802400906,234972.8906569339
3166900270,351027.4977637355
3682000060,315360.99607468816
5469700020,265906.0631780443
1245001820,534195.3574317268
9547205660,550596.9442656453
7974700122,622106.6833683441
7550801225,511092.4356602542
1099950050,552284.9022037965
1402900460,286111.08476155566
7636800041,1614463.7806457947
2115720270,219869.11392309493
8651441750,178317.0851031356
3904100035,227892.99315158717
8815400020,533089.7789636486
3303860590,397745.2224682884
5427110040,1126331.8373228407
1782000160,320070.5141767749
6204420290,465604.69921648805
3995700245,270404.411891032
7955040130,417474.44211897324
1442880650,464606.7811707094
8833510230,663887.3024946661
7283900551,420322.51484059676
4396000180,304564.6458125788
7504021310,589664.095607819
322059264,283508.55760665727
3654800040,246813.85464609083
2767704777,428885.1147044635
3278602190,306925.0858817928
3236500220,417311.3650109776
3410600100,289051.298698791
629410180,649477.7569102745
3352402250,130510.40559479731
4363700304,321535.35067665664
7237550130,1257641.9448051634
9808590210,1054793.3644737136
8074200175,251706.79669669422
3463400330,327841.6350618326
6306400140,714746.2872318352
8564950250,476197.1550373244
5381000070,188188.7870997949
9826700697,403336.8949924497
8132700190,363493.02671175543
7943000020,160146.11203738855
9547204675,497702.9174248653
4112100101,413146.73901735625
727500030,558435.2103883374
114101426,347948.4698415721
9274202005,629781.0940874759
1193000380,718970.3672887984
3039000020,464123.2166383445
7852170130,548942.1422353878
2624079010,593687.9595345459
4137010540,256544.3820399316
7576200012,826722.6749726855
1138020020,282199.4343987986
3969300030,184180.72139265685
898000200,195999.45607287245
5153100030,276223.4918743584
5104532030,433248.5076917927
4406000050,213309.1871378609
9274203390,567361.8916168822
8682290360,461932.29925127747
6928600330,225460.8709345357
4139680070,826527.6770349517
6844702690,446907.6193827428
2154970020,2078049.8484949595
4385701285,1232478.2368387892
2426059071,604066.587270017
2867300160,465339.872714731
9512500720,465285.0368747209
1773101020,288559.05754076806
8687800100,242646.04422603705
3627800050,1490686.2625440792
1604600227,265532.8064087175
3300701170,367945.92870707274
9250900111,428784.0478889329
7015200790,512647.9144956289
1311100490,196797.82157838804
2469000010,917665.5731250241
1982201596,492552.9099462549
1862700290,295842.9862638527
2586800270,232118.05344682123
9528102772,375872.66524725064
5490210200,383489.42100980063
6669080020,400277.21793631953
179003055,197801.30227433174
1860600535,857285.7437047448
1592000130,540622.4098396765
3905040170,489467.8923482276
9320500080,212731.82690089988
9276200850,426933.9320310245
224069114,613130.2717464763
2260000340,495244.4946668822
5096300130,331552.843086508
3432500215,368121.6637162322
2600000050,593955.2615177778
8856003839,209076.8350365408
2492200435,382741.1734640632
7855900110,941142.3325769313
6806100250,280523.28888413415
2770603523,460560.77000249655
1370800515,1661287.9617190124
2726049150,442168.6324993101
1226059161,539495.7565680768
1068000375,3167442.5779513475
9528104109,402596.13739910664
5126310060,426816.1287361814
1951820070,467128.2096919376
1545805980,316886.34133262397
9464700340,824258.2914106649
4319200675,760633.7481779829
7518500885,491096.5273776754
7852020620,421007.4929379988
869700370,309116.5902583339
8643000190,210016.63466036425
8902000267,482725.3834381093
7972602435,249628.44838528836
2050100210,738488.976944164
6705120540,427012.08865305583
2767601390,550868.1236055415
4141000490,1023727.7876170925
9345400350,693809.7589540484
3222079162,292776.19083841395
7789000120,243578.33573887526
6646200770,584005.231229956
6666800180,752543.2869354063
1725800280,469137.41662679607
6117500460,1126517.1783193692
5470100220,223421.08553465604
5457300478,381750.8358911665
7550800195,510983.8401193039
7787050180,591598.0965135465
6204430250,478297.88403940125
7640400250,491879.0403134894
624110920,717018.4624328237
3629920140,330641.5583528355
7173700518,573508.2520333051
3210200395,167014.1441837141
2473480560,323406.22456874006
2623089141,392543.9897547811
1423800080,197177.16057677745
2076400050,267738.5770799682
3832060120,266905.8901773398
7702600930,395681.4881283428
5101404555,402882.19178078143
3723800415,392986.9985122375
3356403400,201393.8059991009
9214400125,484557.4921997306
1797500530,480050.7028219461
9551201660,1071295.872957963
3878900815,293855.77889272355
1760650280,294278.3535290849
5466410030,223061.85837011767
6388930620,529258.2778245229
2331300395,720013.0872817605
9412700160,255144.43036668628
871001611,550989.1335302056
3142600120,550649.1665701676
3995700220,336541.30330151675
2310000280,269665.0560909665
8039900400,352149.9684463028
7504021510,596087.943332764
1959700445,1357746.4696255606
1556200155,548129.4282758158
3629960590,316913.96556982654
259000240,394504.556526209
662440020,386334.5620957287
3123049142,492190.9416409474
321100260,864896.8054104174
6840701095,453236.6568977124
3738900165,348501.9452661679
4427100130,356967.2148120549
9238500100,462918.63756364904
6145601810,314920.10683843715
2570300090,318978.93305858626
4017600010,451604.015672569
1005000220,313702.8404937164
1257202120,478073.4588210309
9527000490,425835.9012405062
8691400080,641088.7823552875
1726069084,417215.74461545557
248000240,189444.14435002932
6113400046,393065.6862158017
2130702350,323196.8485285399
920069052,220792.5025161574
6071300160,478565.97893242317
1623049041,158526.1418093772
9268200285,340916.05237898463
1843100520,321758.7639562425
2887700826,477816.89594761265
9122000385,487550.88856691064
9475700220,352303.48564694787
2804600005,764646.9598778185
2896400300,358758.8527797363
5015000180,613664.6863076375
3630220180,650370.2801266229
8832900780,427563.3458379191
1568100300,398503.9205886662
8718500610,377671.74057276116
4147200140,1078907.407092296
1973700030,1018084.5589673442
8862000075,150460.9420579425
9320990110,310066.7843133901
1151100035,384242.5908946535
2011000010,220622.92872745352
1651500060,913174.8673289563
446000190,837608.8067092565
2344300220,900070.8895986779
523049195,184119.75388876145
9191200015,574336.9565330094
7942601410,660224.3022398662
7137800300,198405.91389557198
7853300280,460940.6733801407
6654700240,274914.5331387345
569000050,558893.2347711799
3584000180,225874.09537527675
2026079055,300064.88256095035
8898700880,269588.5970056786
5075400150,570580.505522084
8731981360,312481.2746283586
4222500020,196600.86616002326
7996720050,458327.18999497814
4077800094,489949.9877835456
6446200365,547225.9550839348
2824089053,508179.04907474975
1311800220,195617.78859239363
3522049063,573207.4377536651
1721801280,177833.92627538278
6131600240,179134.36716568514
7202310040,526750.1051870979
1123059125,511955.72095334355
646910160,194282.7931107762
5630500005,357558.67743323697
3342100785,311337.0014295861
9547205610,614861.0197144704
1773100123,254935.6715304458
3353400092,279197.6561266621
217500015,348574.80391707603
3649100031,401793.3756092342
7896300150,275312.73402818927
623049185,248895.86790643545
1773100430,277226.69789053674
1781500220,607760.5395040567
3395380200,198197.81083384185
2424059170,3044417.650162126
4389200765,1652125.8975091812
1543000060,421155.3971401148
6154900005,651260.7418900867
2902200240,398118.13480690384
1442880640,477221.39259886055
8562770490,451207.58239423344
2768300655,518659.66332599235
3432501315,294308.3415749519
5035300570,680758.4818502874
3626039028,412683.0334175486
3876540780,229316.29238599841
327000100,1084457.805695465
7551300065,449483.9412177995
1312920060,241555.62611485703
2215901230,254644.48257655726
6306800010,407587.02267766953
2767700022,394188.41532918066
5589900610,525314.555745384
4320200020,623380.7894505357
5249804655,580241.3730266648
9238500480,434185.8817246513
3885806565,1069913.2303135158
7905200205,387028.3314512492
5727500102,293057.0447688332
3585220070,350236.0767636001
2078500210,505386.59392189514
1839920050,372093.3864802805
534000080,329068.66947703063
856000255,563149.2322422917
4141010110,1392536.0412135026
9558040820,511482.3917724376
7768700315,1062987.4637961183
2796100640,244369.7493501699
1922059010,216904.70195022423
3448000542,255869.2080864521
3883100220,280235.43631609005
7237301210,255276.41782812518
3893100456,776428.3766627767
9578501110,342565.0762148503
6145601995,430124.7014002234
4024100120,280050.040685122
8899000050,314386.2500185003
3396820010,521209.7059351918
6749700117,307274.2067601132
1954400060,456104.721011596
3303970100,769381.02175454
2540850070,449112.1238313797
3797000745,424614.75413373054
7883603700,222262.87861452816
3438501452,392071.9851197115
3530210260,605375.5160004636
3598600049,163826.14991519327
731500170,339977.30165590957
7129304375,168009.03912740073
263000006,404332.0271705418
7212660560,284961.5441970677
1112700010,395529.2060257463
3420069060,525443.1083503576
2473000470,350133.79311812145
8691390980,650248.5866243569
6184700100,409221.6946605539
4476400275,353741.16365816974
2968801240,288759.21306584514
1529300160,406077.5674366345
7640400070,626407.146988905
7016100380,406994.7588901901
2172000890,340929.3766022107
4035900015,703188.4893083192
9528104660,932340.7019525764
507100005,324943.8115668031
2783100160,377497.3248237719
3629921140,745695.6130003482
1099750610,233284.75571145318
1330300451,1293425.0170588864
2757000030,812710.1650591784
2114700190,283781.4712621286
2050000020,858555.1435971586
3832500790,239220.186285583
2612000390,276152.9649166711
1483300430,489045.81834270514
8899200720,273125.8698305973
9183700470,265575.60263360245
3530490031,184384.51194256253
7857001225,295197.38542193273
7920100083,356713.6177511881
2254501620,413073.554534473
3303000130,391007.7813041033
3876200070,373659.8604507652
369000365,338017.8506841678
3052700385,635286.7412901104
7856550240,625939.5502255714
7300410110,342555.6010712634
7201800300,381169.20649600273
1695900060,481181.0227864373
9429500146,685680.8854799634
3629910240,612101.3781010848
8805400090,260294.62687709543
1022069050,238258.30429451162
1138010530,339608.2212372476
7877400266,175223.3948635278
7974200452,925765.3430388733
2126049265,398395.2339823514
9547204350,671929.7317064481
5560000680,176753.07055521844
3793500550,306039.655059556
4217401195,941196.8381349599
1826049408,373526.4051024683
3905100210,422053.29674979125
7695370160,443359.27001461235
3210400060,201794.7611920672
6146600170,150120.01201510304
2767601750,441431.3016580473
1773100926,368814.801070885
5700002125,466340.7772887007
1951100100,180391.4729431337
1402200340,280382.78798394854
8044200200,341684.4560428391
66000070,302028.85323231615
5083100065,187311.66190511917
4027701284,366053.6391917497
5693501100,480369.1625700613
3600072,583989.022590806
8078550250,291304.49175221846
1922059046,270899.01691263774
2902200016,579734.3671021377
9183700845,156811.37576360477
3333001997,334385.7077794867
1432400525,236372.2158120224
2824059128,486739.3479079034
6453550090,772513.6308382377
6202600070,867074.6922171674
7524100280,200912.18934141615
3524039224,712010.1339263177
5739601300,456891.73862669873
2473000410,354607.24475946825
421059018,293919.1673598174
4232901120,576628.8449039964
5559600140,235905.2428285446
3797310150,258542.4322993616
7986400265,798209.5844268717
3025300095,2232762.5775492806
7524950830,548311.767960529
9407100730,243788.23502594503
3812400854,321517.31879603135
6002400030,320897.5959695561
2212200090,215813.98086607765
7202330610,469023.14764129027
7300400170,308176.05288561975
8965000110,473040.67354622995
3996900125,290146.3671073937
2221000100,286117.685160812
1524079088,400279.8253054272
1133000036,320153.8878124286
1868901190,606249.6424620689
4037200530,417471.68524214975
2095500120,310632.0608428703
1995200338,586155.8087153023
8820902350,726679.129548867
7459810210,341645.522783638
9536600010,580542.9017041851
8085400586,1538805.894569443
7518503065,380792.4299962267
8682320350,596571.7867176571
3179100790,682804.3255247015
9828702666,422212.7121488114
6713700250,536792.6862006257
2141330700,557578.7747591734
7519001990,412095.68681585416
3223069019,304709.1039099943
7994700030,361146.3914294489
2592300450,292875.835198213
2792000010,461641.2051800366
173000025,358144.4367825715
7203150330,537316.6162978575
3305100210,913702.6023370388
2581300055,879079.5369070821
6613000750,1445776.6510373214
7015200685,618775.7521630934
1323089184,472987.66845119884
3793500510,369521.5611743391
2225079030,252852.1463890978
3578400710,403931.1920249041
8100000090,274287.0387100942
2095500040,296233.73091322643
8682281710,628340.7606333289
6163901380,328910.1415041815
6918720080,553775.7353415634
6914700130,488944.6318007392
1205000215,490177.4619208955
3800008,242881.56133068318
6150200180,287207.12257628137
1223089066,802853.766304139
7768800290,803909.9146602878
9285800330,832721.8775027774
1974300020,460620.0033705718
7628700050,769815.3716655993
9376301800,576317.0886331159
8651430220,188314.83993781553
629810350,737167.8260482235
5016002180,753376.1771241847
9558010230,323096.01303750003
8732000390,220314.19766303906
7899800586,315717.3218782648
5249802460,383371.5774570611
1446300020,480758.929261549
7785380150,399354.0223194965
1245500950,661665.3498057006
3362400640,593155.7927370067
7578200310,703679.9384905387
4137020910,266907.1104260026
11520640,670427.3440863583
7972601995,250487.12780859915
8122100160,466325.7835744747
9456200450,295021.7885905736
1328320760,312696.0028932554
4025300285,330791.38315935107
2721600125,899293.962772914
1123049027,250228.3824557106
3542300060,246924.35344416805
291310340,472620.56980167417
8651720420,414717.70627852046
3298200790,359575.043382464
4037200585,399588.9356902079
1329000090,1378539.409249674
9279700013,1052795.8654792022
4151800265,437889.22752166167
7760400210,240454.88737544743
5029450110,225875.8392661482
9492500160,865020.3162692444
3578400270,414505.505028878
7606200090,279038.2044174624
3682000050,334556.0077577152
1250200415,324920.88771136326
629811600,575786.5616463034
1839500115,349107.0548270099
1176001293,1466422.4269138784
3013300409,395408.5172718406
7853280370,675835.2234118894
3275780030,608905.8659089239
3336001946,249576.54371882175
5456000110,751406.6229635763
2473250400,286136.823399325
5393601635,529481.7276254134
8820902905,351009.76646289404
1245001659,763363.8222998024
1523069215,420246.61826863646
930000234,481342.9042160956
4083301645,703800.243137186
4055700778,523951.93746804685
2781230080,414363.52203364065
3629910210,617645.3912619678
7856700060,621576.973914466
7589700055,444443.0796979447
3888100043,359596.1499001765
6381501636,361497.9289012425
3303951150,357644.25121599005
8638500170,319591.30688611435
5635100050,375878.97695808986
8820901792,751863.0602885555
5456000025,1169373.911919502
985001275,159008.1504523175
9560500105,669929.2187326247
1421069117,224248.59460994802
4154300296,293328.0252041746
795000620,160427.73036349268
9828702335,457927.94245273696
1250202145,874997.4073730928
1163400070,224862.55113039206
5652600065,657066.9066987403
1042700050,735489.0367499235
8899210320,338836.13512731454
1651800030,1717878.135981468
2919201365,779972.4614655168
4365200895,282361.56227069296
6841700100,771262.1523521245
7376300060,392647.8731862266
7852090180,445241.5845561548
9222400565,566277.8543058309
9542400075,792946.9797604943
7338000150,190049.98120951044
4322500110,541859.7653763728
7694200070,384250.50291319995
9321010130,271121.66703227954
3204300455,1160141.2958769884
6706000040,288869.70669725304
1565930130,400542.550646379
3279000420,222441.0921094246
194000575,450107.4815059012
2115510160,241863.70974904226
7522500005,551150.4311900095
3787000140,430040.0321842354
7852110690,565074.7502891256
5469700260,302658.68406494637
8691410730,656696.1833159011
114100763,279250.1489337378
1257202430,838972.7353719785
7000100635,490719.0447880716
1900000195,170976.7954873087
251500330,1588364.477258631
7701960210,703170.1477566758
4037000065,365694.4664234625
522059299,251607.99876530192
6072300800,581457.6832402954
6821102358,509700.6280169153
5029450200,227729.82599282297
8860310240,544709.11132517
826000295,343246.04175117455
9417400110,414846.6874820148
3959400345,546149.3123656298
8899000430,310296.9606656823
7527200030,685352.7373614211
8562720410,1136717.6711122657
1432400335,223555.89189848534
6699940320,324847.8203571184
2525059172,633376.1095455448
7548301044,357793.2123546282
2141300420,714705.1632787143
5100401414,419738.68354593834
7346600092,255182.01175627857
6852700478,437729.87279449904
87000213,275645.9641226526
5416500260,297238.95380571205
322059097,284607.3024926338
7229900005,323922.3966053327
7116000350,173055.59476867734
3739500096,346243.7641670343
6744700900,672456.4494376502
1959700550,956207.5094595115
5589300435,347588.34710209374
1775920350,339721.7838904194
3750607974,269555.05426962243
5318100935,705582.8997832666
1442700430,391198.5656297365
9346700030,585333.2382031496
1841500050,307906.3598038388
7278100665,374680.6675660696
8635750980,532855.0603772086
6909700340,648035.8142487498
7011201475,705546.6561925965
9348500220,506164.523667655
3876313170,418717.5369461602
2195700050,801444.4233539389
3760100200,392848.4340488729
3396800120,469450.4911191568
3750603685,250170.10048222076
9828702310,494135.76413265255
8656300380,329191.8521533223
1438000170,556121.4075161056
2423069164,453149.1229632943
2112700845,273061.6384666609
7635801370,477931.4567105102
8572900135,353831.8059301352
7504010590,692691.6046195524
6821100125,467108.27208748145
4310702775,275290.60196663515
2591010180,444038.27459096746
9828700235,723549.4658617219
9376301180,442861.37290784164
1646502355,997504.4425434667
1498301672,411781.98003055685
7715600070,362514.9854358039
7283900045,452694.6622207259
522069119,434890.4121810516
5200100125,584450.7607620065
826069184,493507.6833534519
3271300155,733572.6824836824
4444800045,592956.4396071592
8682291050,687549.77869295
2770605420,497250.00915260974
1556200205,492128.6542268882
269000970,1348562.0337131687
9264900880,273213.16217205836
2323059074,271291.0976369395
1224059053,1323340.9948556027
3755500065,466851.735461006
2571900430,353177.986686329
3705000070,283916.54253454536
824069173,535815.3170265203
1735800050,179366.10229339666
3025059089,753361.0611977633
6132600655,950645.9135410583
1068000255,1567541.3492829236
3052700921,554156.2129673893
3024089057,380576.31140896375
7390400026,259736.85568418185
1787600224,390886.60203512484
2923049372,339833.2410992848
7015201015,1025977.6998672123
7701990040,734627.1700223252
1925059194,968455.7119180884
301401370,324388.99315680924
1931300955,436698.33066018217
2395710070,359394.212421321
2591820070,378863.0918443042
7883604065,242763.49708777783
808300200,473683.8629714816
1421069159,465694.8910774129
8562780540,319624.1485457631
2787720300,369649.8267951409
2349300069,263968.6085840627
739000035,208151.76456271956
2397101460,676165.4433918027
7625702437,354551.1220768931
5101406441,456074.18557286204
3323500010,1047929.8097087684
225039082,755247.3794820938
8078100260,334286.4737073246
4139480200,1239908.7159794692
7436300160,482341.6342897109
822039004,608983.374938083
8651442910,238184.2127500053
1370803510,700664.6337968645
3342100569,683599.7395233145
1310430400,451274.3794136429
104540820,243080.30981701642
4305500030,558458.7630395555
993000090,675999.591898143
8044050040,408818.9573588057
5707500050,616511.9930715001
6306800080,402364.28267512744
9206700190,678477.1158144706
8732040090,293276.0996533232
3037200045,414786.32273889345
438000025,549027.5723662229
239000115,318077.4989502902
8929000230,474595.8054850428
7135520610,972066.3147300321
5561300340,460018.4972201884
9530100085,647931.478046385
6613000140,1244947.4308517822
8835210130,304913.4887318773
3782400190,334706.4787649074
379000051,272171.97076259
3869900150,294553.6120000459
4322200050,455113.27357790404
8961980290,628388.4625391297
2558670110,427318.2734775484
1124000010,445203.6133500213
3869900138,442162.5381245646
7853300720,458031.9117471765
251300110,291129.0734666934
3904100041,251166.66604947182
7701990300,708358.6788387407
8682231190,540931.7319631936
7888200240,237082.9340053713
2025700730,326528.19153933314
3066410800,641001.9879790121
7576200040,750580.2558695563
2526069095,970873.1892490382
2781270530,212367.6168194024
3763300005,458883.734335387
1523049083,203223.70686939653
923049468,205244.42192314673
3303700221,584791.8736393724
1502400140,222561.5844269766
2880100160,881824.6144915759
4083304535,832304.1814088752
8820902549,520601.7265089622
4139400060,759274.5367833236
1222069094,420613.89455997094
9367200205,524196.4939838159
2734100736,281630.01376206084
3856904580,637475.0705222724
3812400789,365738.07258409885
3303980090,894742.0685126266
1314300018,280526.14359187864
9522400350,489018.00109750615
7524350080,321024.8669726877
9406520260,315805.06691832584
3278602040,398707.48025914864
7696620100,233215.13632868425
3751600635,266843.925551
6365900065,417315.51979093434
8732800100,252828.79518834714
3876540410,257598.4974206747
7349660050,267038.4020884922
1036700220,544699.1269030445
5417600200,304899.4027007679
8732020310,268346.4073257225
6844703240,764751.922011506
923059206,369737.17930902704
4038700220,535014.1796239819
2597520900,670919.681862069
7203230040,865707.4455812707
8820903560,335104.47643206123
424069112,662426.5559376576
6056100102,442806.654662756
1823069155,477941.0638697389
9412400220,2377086.4111961764
6851700381,1018297.6406306741
13001215,268240.9258366846
3630180340,720878.736614372
6746701090,522750.6549489159
3832050760,281984.5545989736
369000690,443138.1480279107
6071900130,524345.4551408563
7266200085,551538.3253551598
1473120390,415878.6094120153
9523100458,542604.3586271674
4345000510,281580.56536159443
6600220090,442406.70572246896
8079040320,412128.54730549984
1357900060,434177.2477622794
3996900295,309590.5906939942
1442700250,412981.5699819322
5021900175,621102.9603682447
4365700130,322075.6475433316
3876100320,518250.2878956528
2124069103,407281.79561423504
6700400140,277360.3401601084
7852090810,477626.75480642903
1454600038,728103.3034947636
4137000250,297874.48188728216
9826700726,473912.6560279413
6716700325,429390.14466796035
8562750300,537187.9359927566
9315600050,1681604.6681514746
2790410250,658603.1006315488
7732410130,692031.0804876958
1387301730,342368.4499053318
1568100220,365455.0009097347
3975400085,762034.5527035746
339600110,403775.87391935644
7888400500,244333.90948793577
1842390130,654116.5358490408
7595700025,378767.4766740452
2158900140,714155.0471488936
6151800070,386810.5717487938
9294300515,813024.144261238
1250202660,826831.8014592505
9106000005,980339.3681145001
5035300085,719647.9002177201
8898700440,302125.0963361696
723049197,240412.99172239105
2019200220,254886.04552689008
2926049408,573650.1494627259
4233600190,905041.5694651408
9268851860,412564.30389798124
5458800620,686722.7574879605
424069096,441516.93626010406
8150100265,253113.41064740327
2742100085,403644.740534574
8045600130,418558.70391475764
8039900086,303920.0419996397
4131500190,343878.12669331324
1370802650,687675.1939068665
821049149,264395.8032901411
5104520460,376072.0780200655
5466750140,267555.4124098638
1703900155,311652.8445698649
8658303065,303663.80438888195
3298720030,409404.92876026063
1839900080,321790.03598432575
1561600025,727977.7711949317
6064800410,321877.0147255946
621069102,267194.5310058866
7853360620,427067.75453810603
9385200045,530661.0575850348
7214770020,555701.4488962183
5412300100,267911.49152472144
2025701360,294107.3756467118
7334602070,286885.63291559636
8029200190,244941.25717330372
2622049052,532417.9811939296
3126049261,351925.6955163045
4443800705,428163.20665018423
2473420100,285947.79854323267
7922710520,492416.34703724587
3336001911,344670.5454013084
3797000300,490164.22891138284
5406500480,548550.2255938053
6706600090,449147.6372956411
1518000230,346489.948757878
1250202990,850845.110016273
6441800060,765544.4711904745
2141500070,443274.6959134001
9407101900,267635.38040605176
5451300117,1781101.6227661255
326069132,511953.33848274016
7153400100,246642.38208655562
3083000910,465797.7683111882
3021059304,317715.6214383791
2597530650,736371.250233478
3972900215,318638.2048646368
2473420070,290290.61211182905
6115400008,437551.55794279114
8682220230,715481.8948559759
642150080,590249.874131926
3775300030,319161.1496382532
5418200340,652174.9007169933
2424059119,881353.1450066776
7899800476,244158.23253633166
8598200070,253766.7852530853
2421059125,486124.24416137644
9528102771,484095.1598150053
7522500020,610510.3560350396
7202340720,570481.2850368104
3286800260,554817.9794401346
1121059105,406567.8959607056
7504030220,636730.0693647017
4045100190,1555218.7971716807
9406530090,348475.4919963909
7138000260,268643.79566087783
2600010390,661764.0899569418
2917200365,441383.64991592057
2191600780,225707.3024092555
7784000180,499110.6898417705
6149700194,305972.56493960833
8082400136,727422.9235685818
7202340930,583627.2018093466
1972200556,583367.4110611562
2767604170,375482.40128412156
3271301175,606174.3025360171
3223059303,535053.2884170439
7598100735,1014563.9407450694
3348401490,292626.374895289
1545803390,280263.3259618025
2296700050,549219.3722632494
3626500045,787218.4317941093
1596600060,278993.78382383904
3616600250,1313336.0145990907
8078560140,307474.28777950467
1796360350,276054.5380034644
2770601763,440647.5544830257
3223069118,502643.2748007594
2473372040,344206.4729554922
3575302759,405963.7182636672
5706200170,452241.25000503036
1774000030,415596.2044963634
2224700136,366938.2559880483
1250200418,347214.5090431554
5416500840,366086.87814953184
7335400345,192725.29806191922
3776300010,920390.3915673597
8857320130,540390.1581983003
424069206,802001.1536295649
3592500985,982303.947452057
9828701295,379002.81048348383
2621750340,328915.16878213384
7334401000,267578.64223311096
3286800110,554603.8181878346
1722069097,414602.4552314996
3574770030,537771.9912552473
1336300610,1021951.0616300206
7230900100,365333.3025461693
6141100320,381000.8818198957
2767602356,703363.8497104573
476000017,451825.098016068
2558600100,439533.1489019618
3500100015,333621.687534286
4074300150,440178.00403172383
8907500070,4976201.513486689
4388000260,225148.72125277584
2475900850,261441.31376976392
7852010900,493028.4098379823
318500300,625162.7962344915
9200000050,232819.649971829
1026069106,507584.1130921741
205000120,591663.5916629754
2616800600,770911.7154893889
921049141,641965.7239351665
2023069059,832173.3280999595
7229900145,408152.2364700333
4376800010,579716.3951402995
4389201095,2734022.2811408266
826069127,453280.77353216783
2310000250,310935.78815531865
4058801225,347310.90104414336
6600220550,442498.17589818325
3585300194,1170637.9600531012
2594200375,507268.8948075786
1102000514,868739.0540006078
1862400471,400972.91434817796
6928000440,376285.99674603844
9578060470,505314.27022160264
8732020670,284865.0034907079
1823069088,346898.57136237324
8712100350,1164978.6428848323
3420069055,420780.36946070765
4229900140,302243.60093038646
8682280490,457446.07089590677
3830630310,274249.0446128418
5100400251,354134.2813127922
1737100830,583669.1618255355
1630700276,467466.9245518169
6326000205,416730.786784934
3426049284,2876374.227413933
3814900260,409334.01758704387
7403200050,1532799.860994276
1725059252,679442.3923006612
8899200570,340698.93240119814
4137000700,288987.84289235965
1115300270,750323.8271879284
3904920380,584951.3113725936
2695600195,408819.0881973517
9542100135,722556.2206822261
1552510160,421653.8958185515
1823059241,583837.2602030896
2193320450,579958.8028057774
1122069006,574773.1575396078
7853340330,417581.2196246307
1954420380,486456.8681899434
7299600530,299082.5852446394
1760650670,283153.6712188031
6819100080,520408.14701985836
2767704649,442752.627406555
2424059035,901756.1259601966
1566100400,433847.13166401966
5255690060,431539.580131686
8860500130,383619.2829321582
7349650120,320157.9670188421
3291800670,452255.6974213861
3764650010,476165.6343523356
5416500950,398825.1308615439
7973202712,224977.81107349534
3291800120,275554.3768872303
9211500620,254148.9259944971
8643200020,345470.5428825374
9197100101,214911.1109082841
3531900060,360142.7604282984
8842400071,397276.0430650061
6844701680,512165.3884073602
6413600285,479105.91173932375
5196410260,878975.9394616326
824069121,604877.741846713
3876313120,407716.1993956527
269000030,837203.2847229821
1560930070,783793.7001297196
4435000705,243044.17176435067
9542400025,769264.5326115005
2470200020,1860788.5604087273
7519000580,560907.804142991
1226059101,546576.8593281974
4449800063,418268.4902025542
2815600305,666076.8676195209
3821200050,220524.22811455728
2644900110,418976.30609224347
8058500005,383284.9823804607
1099760230,250845.96457843846
1954430180,484328.5620872852
7853360480,498905.4354072505
7229100040,330679.60719904356
1432400120,214958.6197795796
1898200080,340713.66863457486
4054520100,821866.2139909111
2568200140,697103.4119244945
587550010,560778.2207790083
4154303215,683011.8009866545
6358900070,786103.3664476351
3277801640,429457.82237643306
6209000165,299366.4838617858
6143000020,288986.0934509286
2591780180,407556.45105185185
5412400170,273430.9951498955
5466350120,279435.09683750686
2877104196,711160.5871632281
3222059007,395375.62254182587
7957600025,301013.0370983368
2698200210,278092.2894152422
3764500230,558329.3954960839
414100630,403483.155829536
8029740060,343973.5489970752
1426049054,400167.28913440596
546001060,682740.506504126
3277801417,467967.131066226
3630120970,740364.5229018265
2326059080,924309.8251927558
3278612370,412643.89327450277
4024700100,316170.49644107395
7697870860,269604.1763258025
8562900240,708043.1266326538
4059400585,256156.22868918715
5703000050,450674.82252055977
7701990560,735562.8327360991
1760650610,335975.3006249303
5408100035,443211.131911456
1370800560,1166116.770032206
2880100240,555383.2285239759
3630060150,492314.4795924377
6071700020,525228.0914607546
2473002500,417127.2894755488
2768300650,479396.43711468123
3523089019,788658.2377637697
2787250190,504330.3370520727
9477940440,432455.9617473942
8732030440,308780.1561687822
236500050,327698.4794287232
993000100,694939.4728022085
5466700360,267204.94926253747
7203220300,811002.7879249
8682292180,458187.3776750071
5209200010,501469.94233462703
7853360990,433087.157552103
8663310010,449513.3290160804
2313900165,560845.6482430932
6114600030,543460.3816074083
3303990030,791878.0291200923
6679000960,358456.2759276819
8161000230,478284.17216567433
9510860060,669415.7114724638
1223089083,786625.585502834
2721049059,306342.18236168416
2523039278,318864.68160623766
9826700707,450036.38682160235
2159900120,470692.17614845
2767600635,565704.6904353503
3812400455,355942.31285452243
7852030960,433928.5492796791
319500080,673695.1385010205
1061500360,324554.1989053906
1787600209,396307.64440995594
7888700030,509707.4939738554
3623500260,1154249.3815992011
4219400520,1573355.6164741777
518500460,2382628.7852835297
2500600297,291405.98100297427
7283900010,342161.745585984
9225900055,361921.3987705603
4036800925,398565.92726279923
7967900150,371419.5516751508
1782000130,416319.3726142044
3163600015,190136.9193168739
254000075,449185.5399075839
1424059022,1018768.0762579164
2768200090,640896.6710277839
4319200505,505723.4347368937
1592000780,605212.2813037739
1687910100,561576.8507505766
5200100115,573696.3503109423
3751600176,237425.86803074775
5608010650,853948.7375924394
2051200506,365443.5056365036
2781280310,285881.2929104897
1023059190,314474.5575009656
2787310130,288481.79418181087
4358700100,436601.9559963376
3121069036,517467.7332466916
1959700225,584061.1111718834
3205500230,384425.2529014355
7974200937,513096.21727946645
6819100111,891677.7303693037
6146600175,193533.87412590545
1525069095,775249.5179557363
1231000510,427532.19858860335
4122700040,963626.904354935
2426039314,305716.1979353227
2013200390,272542.8712259029
1854900330,633953.9259947074
1923300135,568044.0053543221
582000135,603208.3797068646
587800130,310812.17956386216
7840800135,229576.0796363802
6116500366,400008.029250512
6392002635,595240.6198401166
5361700020,358104.2817315276
106000395,470740.39579311083
7199330390,419460.6967018865
2484700155,610318.7185012021
4038300070,425752.32250140095
9407101850,328088.5956458404
293610040,612231.2042934282
7202360760,783401.861309405
5608010750,1110816.8889483172
7236500025,357322.9621822365
9144300120,371044.716304685
1454100267,429340.75366141426
1377800135,702366.8971376707
7967700570,261582.29222568212
1562100220,557950.5276288498
2923039243,381505.11171338084
868002080,758198.1429607258
7137960460,303977.3244965353
1023089096,338761.6269305521
3262300818,2110337.166156168
8563050110,586093.546817759
7137300245,425204.02158576145
4365200630,474675.19791823515
4100500070,1724728.8911249754
3821400200,276091.6455327204
5379803386,265528.9694933861
4237901075,575071.7883771999
8118600155,430521.50615339767
8946780080,736129.8454058842
1428000970,443690.64762882754
7011201004,701944.7004527171
2799800180,359919.4098850739
522059130,280853.18831527425
4315701163,549702.2414460775
3649100387,461294.01590428234
2125410210,485784.37798807304
3224900130,259121.82178579716
6798100661,317501.3592359071
3626039325,773028.6569562994
8730000270,350874.66743167385
6065301040,1083381.0527397967
1665400165,264123.8263644395
2203500140,426066.68210398377
4058800875,353940.50555780635
5076700025,483149.5802645596
7853420110,598334.514184497
7818700480,358176.5349648191
8658303080,341282.2692602472
3187600100,584735.2789584484
4077800518,399340.7558120737
2470100110,4338055.068829451
3451000206,339218.8749103853
1843200350,206827.89702132257
7904700126,411760.98683382483
9430000070,313276.7783341982
6003500749,610335.9757508567
7701990700,719089.0651995229
1310820150,360237.15368614916
3975400190,570537.9548620788
4100000050,595871.3636496786
7202270700,545110.6791087803
7370600020,631707.8479788358
126059225,460925.2799267341
106000015,454914.0332483492
4458800060,994282.4468239979
8944290090,271250.5765858308
8682250330,626709.1400592498
9834200390,534487.1053603675
3275880100,630598.9896022866
7227501190,299330.6436634874
1796100010,646038.4166565516
3831200210,319214.56403169193
2521039066,312738.0626159552
7701800050,398036.2692517005
3904960910,634945.2401873294
5647900670,290613.9392078082
7234600796,543618.7390688576
3021059244,266462.1892186416
7787400030,1701074.6555480482
2051200436,582178.489342676
8820901415,411585.6313639727
3523069047,766643.8893532155
9194101388,493870.0485568453
7277100610,390685.07042199676
9471200370,1840786.314970008
2767800140,647725.7253040689
3629870110,500235.14682102576
9136102057,566728.3315844294
8648900060,536863.5087408662
3678900110,437768.37268033763
2767600150,486094.60055079946
1972201511,613251.1798378251
6055000430,526216.746675111
6624030050,372734.52985137684
2215450150,351160.286335539
2767603824,445791.974324782
3585900460,802469.789897693
2922069134,493109.2060178312
9267200062,360003.98172683036
7228500425,505837.20240518206
1089000190,733531.7074168363
3359500960,499421.51258471445
5152100160,374143.03116352134
7230300060,373996.9041922718
2423059067,472695.6052569196
8016250060,295227.6223613577
2524059267,1163460.2085459714
1438000440,527768.0696207746
3326069026,569304.9558263643
9353300600,339172.89901004743
8691410060,699404.5592008132
6332940070,493163.62881856645
1310980110,313355.8079986976
7428000120,276550.1973886172
3626079040,653805.8900152651
2722049077,316359.9053817586
984220290,331700.651205066
5347200160,311982.54656737926
4154303655,526941.8588572688
2953000250,295894.412946162
9523102447,727206.2834149721
5104511840,426683.3181327489
3448740250,449416.2246601363
4219400290,1149270.9568529185
5152100060,466747.3926230011
3279000460,255945.28130004453
1102001274,746462.3264768962
1251200155,1320177.7465627147
2025700740,317908.5652422793
3820350050,375994.6035196956
1245000438,740853.4896201296
7853230200,460580.31859043904
3832200070,290547.27371091914
2926049400,460083.34282610804
1246700251,812399.768804594
6372000155,614373.3110951617
7950300670,380441.1532496108
7518504130,608442.3550022541
9286100200,462015.29567878117
3992700585,487439.0607242028
7234600786,826505.3429180379
5476800069,371185.5323203149
1126059201,1327438.2292135442
9527000090,490852.53578119585
402000115,320473.64297116455
8818400450,1001610.0301508512
2475900840,286434.566220269
1437500015,217496.30928720298
2848700095,418413.38071276643
1529300135,413044.134700649
2597520090,718066.3599381815
7812801125,240455.8845724166
3343903647,467195.89429721166
1951600250,196666.3006690656
9542840590,307119.8238072343
8081010040,1182274.5288476811
3262301355,1405374.9058376986
1861400068,416195.96327878785
3295900490,426363.7984329953
4345000440,283362.17349551775
4219400465,1020459.3453376323
3797700030,313996.31820899394
3204300860,762463.9073206468
1930301555,534633.1513584827
8807300130,366661.67110896145
4391600035,362179.34603885206
5021900140,1624576.3794588177
2946000590,291792.59223189735
686400210,541833.3946969969
3365900462,268618.6464449427
8682262170,452342.6775870014
7312400325,416246.81152992276
3760100100,416550.35175577103
3579000410,466209.15296521696
1773100755,467376.21807224926
7129300175,403509.6086859318
6303400965,267325.99109592004
1328320440,349038.89554065454
3686900025,271913.7383497951
1221039066,385593.5424196631
7950304095,415576.8760367974
3585900785,895652.1226478105
9455200329,551480.0627448783
629410130,728284.7210824445
1994200375,675784.9882636678
6669200370,959237.1326389741
7262200150,327713.34883461724
7504010750,597327.3369275372
5253300173,336528.6247854996
3395040200,321601.327032703
322069109,410780.9543297311
4054510270,1015803.1568491168
1710400005,563862.4215999169
8644300170,655108.3566773759
2450000290,1116296.3363333284
6102400166,798406.1473620482
1934800087,418260.8473691757
3333000775,343559.1937690972
5393600509,340051.3471657272
621069039,390481.2893337769
3343903611,650192.2713317447
2954400020,989705.3763231639
7972000010,267963.9447223747
7214810510,462895.7911705688
5561300540,491787.2332088648
2634500070,446255.7620069533
6822100310,713519.9240013064
9201000100,711513.48381299
1072100085,362221.30933044787
6190701146,469352.4650467102
3277800845,299498.77114532574
112900020,383321.66701699217
1324059048,595986.1680683626
7979900126,412736.97064627265
7199330370,460036.9346017807
6381500720,486540.6858403602
8078550190,325742.69548530964
7853440140,652349.3172387386
6300000396,420768.1879146288
3374500250,389990.541186039
3343901188,339836.0615603972
6979900010,889630.1181125529
7199340320,529344.5144868623
1112000125,426996.8818805245
9269200150,397818.3215328768
5104510210,347188.81956440356
925059219,662643.7752006573
100600320,240620.06034570164
1789900080,285822.9658091066
2123049142,348080.6674737832
2459900040,469299.70173772366
3902300450,610701.3260519515
7250000065,348453.8086126387
7823700005,335464.0181585842
3750605247,258865.96500142373
2771601730,510543.57905275765
3298600440,394060.35463136516
9141100005,625077.8678684805
8682262190,451597.5501866331
9407111250,281335.94552678533
1336800010,1298110.2843994033
2255500060,615994.8648437808
7950302345,333054.6296745413
8658303585,309992.8173293482
9184700600,1158525.799493745
8068000440,332412.90581533103
1310000130,321538.65513837826
7853221330,618259.370814127
1222029077,316270.59171991434
8562891100,384946.80788601923
2517000260,378833.8572960083
2225300149,390364.207855604
8651410330,224391.52662445308
2413910050,531392.1664498796
9407100720,291748.54460370884
2112700920,341769.2782092496
3761700251,697647.7938406224
1036400100,623804.6388264146
3585300365,592967.1012297865
8562750060,776674.6617923618
2719100042,617296.9576998455
952007055,424033.41234248126
925049318,611601.9350839006
7203220260,866074.3904210085
9320990140,372207.00260275917
8567450140,529930.3634682872
5379800810,221798.6772405339
7784000100,537089.1575532907
3992700475,502415.3297150198
7905380280,431192.73087394045
943100683,436102.3075371996
8029770470,589083.6303084465
2818600060,1160563.9537328975
1226039124,470966.65478990256
726049184,361209.01658240857
795001930,287151.1787639012
339350150,662719.1392658378
1332700270,304766.2143273591
7548300170,556233.4619483268
6141100330,468363.04429322167
647100096,690778.2576378967
6744700423,528803.975587026
2895800750,324557.4078281081
4046600220,388534.0200706507
8809200070,406662.1549805574
293700110,782370.9666684403
4178500440,300824.81977613445
4358700164,286461.75211448374
9197100263,279548.8173387989
2426039313,320845.85504748684
9468200163,707729.3219053082
475000190,504441.92582470714
7504180170,453297.9640096033
4036800170,487654.5908954615
2561330040,469215.578547279
4123400340,509646.08049191354
524069115,838340.0694866444
4047200850,340098.36764981755
8651440230,285067.45378587645
3905030140,564022.9820969802
510000641,694993.4308040037
8663370020,455206.3132569474
2883200760,634896.4064494008
1980200384,755991.8420111832
9468200140,525464.6717981533
1796370150,313148.638242851
9238900085,608782.0163393916
9191201325,536267.5638969209
2538400060,944358.9505994279
3758900037,896875.3264814758
2472920800,415305.63389193645
321030150,374822.7673640939
2571910100,363669.5396391832
1423910670,312075.7387116437
1118500030,756697.9241533395
1939000010,656598.901269514
1776460190,472975.615166102
7504400290,549544.231637821
3448700070,435668.02057294745
7518501025,567839.6565484466
923059252,489230.1886946501
1431700210,280692.2293376763
8635760480,536751.7279407108
9175600025,1855960.6139128865
7922720250,500540.82410326385
8944360390,463973.49723464146
8948500065,285226.5027146507
8669160310,305057.4825245288
6117502745,509176.0738078103
1789800020,372949.0584288711
226039186,368778.64655189577
6457000080,309352.2085045476
9557300080,544573.9786062256
8562790480,655408.3214239201
6430500008,509347.3894893684
1604590230,759516.4747016651
9542850290,763170.4400446273
7831800395,303336.22866624314
3317500030,1090152.4504562505
624101110,711401.6087795938
3654200039,427638.8778688799
7856000150,786992.263555452
4338800685,300925.0592536748
3211230300,414919.7444724685
3904910650,553750.3401503592
3598600088,313739.09559173643
3796000400,399372.53545971576
7972601280,517497.5689625532
1450300050,321152.45547908795
7504050090,767139.6344330064
9202650130,579981.5431245184
2419600075,422374.72024181613
1224049005,895053.9160430767
7129303240,391966.3279647857
1922059135,263952.12889419816
7852020250,614069.7711623298
4139910180,1300662.057266149
4222300040,288389.9042911503
1024069027,972933.3859489327
8944600620,545615.6842887965
5040800060,756376.3784189335
1036400200,583581.6287318242
7899800915,315438.7278914921
3325069025,451718.38641455537
9408300310,618626.6725658871
1773100604,403239.9387023744
5451100490,1251782.5318023937
9536602080,259802.00379048794
9828702055,397340.97503630683
3362401758,489845.59962736024
476000333,440726.47552103613
4364700730,357562.7498684351
5559200020,290092.17423562624
7522600110,291567.9554107381
104510440,290127.11894379405
8820901275,581456.0509539377
3298700125,335131.04927995725
323089172,452886.9694627635
5364200477,712853.623976033
2222900082,433815.2236143737
6641800020,566536.3255354761
9358001422,341419.23058302235
3438501150,405911.779515282
2206500430,494206.0927348349
9272201318,541019.9370357603
585000095,671537.0324166024
7708210050,547839.387153972
9407000840,320682.95057627105
4027701265,511844.49669586844
8644210050,748695.3642908309
8656800020,414047.8154879636
3329520170,274558.3215696295
5104520720,373651.57448750763
3806000005,221023.80814737926
2330000015,716986.3647096709
1447600410,335707.4334713611
8641500252,427371.18320869934
6084600420,327081.60910435574
441000115,487183.9107176338
2597490030,758122.8268162587
650000030,652195.6701599162
3585210200,442514.08647697984
5416501030,435652.6407165254
5406500170,610163.3346481962
2916200065,477086.1303346253
3330501975,521581.7598711998
1774220070,531481.4354379582
8731730710,271381.76326366415
7861500150,431126.94639126566
1402630190,416551.3258344511
9117000230,328484.39807362796
7133300380,653447.341084982
4232400470,698340.1297878593
1773100972,352909.6699184577
9413400165,348304.20977831696
7658600025,480545.0620603973
6909700040,872956.9140864657
1402900380,332521.44877826795
6625910100,502888.97610218136
3204900010,610012.409795002
5162100820,366535.07031089463
5560000480,232564.94195832938
1704900303,594803.3448758958
8084900170,1677119.2015082245
2887700091,708386.4084936925
4331400190,341568.0197575423
3762900130,422150.32850811037
52000067,661282.6322319929
5430300120,830123.357092536
8956000460,634463.7103839988
8856950310,336355.2735909679
3364900156,397960.8112723033
9310300211,340253.3780320578
6448000020,1377303.19601609
123039570,447078.4078767403
7600065,517937.2907546122
3123039171,535608.2663588428
8964800445,1931602.499677183
7857000732,432543.6815767966
7525410090,567764.8905056048
9541600350,806291.7772281175
3186600515,755350.9087351889
4123820450,393345.6313923961
2505500030,1056269.0414864863
1541700240,357830.3699582445
6629300120,411691.35165693064
7399800150,515581.77032532834
9517200180,429125.2428188658
1313300340,476139.41102466726
7967650010,394031.1450759157
8807810090,412251.4987553819
8815400670,779755.2683123469
2310030500,348828.8558660945
2241700075,324826.38181607885
2287400030,360575.4813046501
2827100075,312365.7913538544
1310700390,319397.0635716004
5498100010,484268.8324795534
723000114,1375849.8685468873
6431000987,534902.7493251673
3356407665,271241.12971008
7852110050,534173.7442198491
8677900123,557950.0220138
1917300260,292659.56454977044
3396800280,614359.0023764935
8691420050,871688.312150496
9368700006,313727.5531894188
339600290,415052.7933083334
1592000250,606133.79833508
1471701780,371465.39768344606
8928100205,775963.5846825913
5029450100,280910.63126759033
5493110080,2035758.9234761042
7883603750,326343.19613917085
1732800175,889533.0184284754
1518000290,387365.2890635388
8604900017,556820.1649117833
5379805160,317757.378879262
1254200835,608121.5640660395
3179100482,460649.2853956204
3313600266,243371.92105220904
976000879,652659.1809070196
8819900220,677929.7528171228
2130701535,337084.74744968885
1176001124,569501.5085366097
7893805650,334148.64489574765
3885806840,905955.8273127747
3625600190,1262329.9981037015
8562790150,782888.6314005358
7348200115,259743.27596145676
955000453,474637.2310813133
6817810310,416002.3570597392
4040400340,489523.7230710288
1644500050,725740.8323847363
8029500100,371935.74167713086
5244801230,745785.8772199006
1115100119,394249.58111802203
9542400010,839499.6131443355
423059387,552159.8646407906
4023500990,321462.17441131774
7899800857,317755.72690645815
2976800796,275475.9007047423
1074100020,357729.62339351245
446000010,610575.2048306115
7942601200,456614.6964531261
3575305495,741074.121810073
8691310040,755561.0369484923
6117500430,755726.7702745093
3924500130,544135.0466297385
2028701075,559338.8160246052
4330600360,284646.02885953523
1324079082,431429.89219527884
9268200484,773945.4965750392
9828701605,573641.7756985567
7518506715,1050336.9634468637
5315100277,1142241.3734142138
3942900115,480057.65491917403
1561930020,450817.71760529466
9510970090,660736.4760963554
6163900821,399318.98786591983
9510300220,569906.6492296308
3869900146,304707.0594448155
9262800208,718126.4891275249
2522029039,615533.8075422974
6865200095,740971.8723630656
3782760040,487106.9425655269
4237901250,568614.8419513021
2891000610,276617.78804800264
2749600095,545303.8827391232
5422810010,395261.483068511
3629980350,760412.8166849194
2459500070,357596.4186037369
5113400364,606774.2791448405
7533800885,757023.818515735
629410190,738047.8058600202
8651431100,258867.78988746883
7960100050,548917.7814099977
1842200040,502646.46640863275
425200205,335158.3103003835
9477201470,384206.2312144259
7905200365,541385.7619021172
6381500635,373906.70385523787
6052400175,388648.9484791049
1236300268,504282.85829376866
6072800265,2089178.9689791128
3423049311,289447.3692323768
3755100540,405116.6329172299
7852150120,434055.41987395415
4180300050,392521.5400021827
7625701935,372954.538541974
7132300550,436406.62706412975
3025059093,3218363.309454197
8161000220,455233.9328626011
7852011020,525141.472447675
2599200160,351983.0551042093
5536500020,583186.0889388886
2095600150,316793.71554319526
8910500226,411964.18049506197
1681400010,759274.5264459418
1424069110,700862.6032032246
5127001620,367983.8773579813
7940710070,433965.5855312571
2413300980,351723.5837766384
7853400250,650288.4824173194
9542801310,352013.58494476625
1890000169,542877.9199900554
2720000120,364938.17371963675
9424400105,530673.3415096548
7888780090,333225.07079857116
3501100280,404860.009001708
3905100220,523219.28439497325
723000150,976319.952217699
8691310980,715039.3066512704
2297400250,532973.8154487105
2892600056,292367.7217158352
5273200080,550981.0018609468
5145100460,539947.5727761468
5561401260,534137.8450010441
7732650040,878938.0210200676
7504101280,837655.4647701537
8581400345,319052.0199693633
7129302800,485995.7418983624
9551201560,686368.9528381862
1546600020,657165.4350176961
2648000071,311618.0731654865
3339900640,300752.3254545323
7853301240,481393.8029858577
943100262,322765.56471977255
7202430150,779070.4138510583
3558000120,387377.4519116766
3890600150,596877.5464151074
7452500315,304102.0562793758
7173700591,664628.5357492467
438000015,603326.4093141359
928000020,422921.3405532665
3830700010,463364.1953930806
3845100640,426705.4570801818
6675500112,416871.534932503
1773100920,400105.83637754293
9485940330,427505.7300577907
5561000600,501466.80422954017
1786830090,631311.8132537409
2011000020,320099.92911938863
8024200681,422604.22901949956
5452301810,1501246.4805020876
5515600075,376964.78850738215
357000135,1324919.053414643
2541100010,555467.627987438
1090000036,658171.1950831945
3459100300,422348.4868672738
2450000295,1129382.3939687088
162500015,427694.62460526853
2592210290,797030.4740376258
5101405265,539311.6053934833
1122069019,755009.5591194408
7501000220,824714.8065492362
1310900140,342311.9297623546
3298700941,306041.80553241394
1972200382,450122.3581219507
5100402764,522688.55119807157
2623069069,685947.562495036
6372000280,545134.9124335672
4305600240,533550.5536670802
2767602094,586974.688040973
2500600289,241301.431141579
7203160090,828486.4735023021
3521069146,496762.9766297473
824059321,1547790.086569338
9348700610,772898.3273859415
7228501745,530868.3353329005
6021503656,439401.6013013683
5437400630,573883.4971777187
2207100740,475193.59781173564
7202000220,458932.8121679203
629811340,672645.1419461239
1324079029,341333.40170774097
418000010,276752.445652523
6303400290,298031.2955322054
4139910030,1095118.9582402522
3023039066,437962.16611204465
8698600395,260844.80444554277
2799800710,379269.10114075465
7351200050,1126880.23432821
8564860270,526282.1144771734
2591830020,460617.6049679426
4139420430,1432869.9314489383
9828201725,563140.118925355
2420069604,339730.7848630986
7224000315,289590.19795734104
3861470120,1681797.901579533
3222069151,349140.8842508924
3869900155,370300.95837473363
123039346,385359.2082163682
305010050,629078.5686980579
2141340040,708369.4041634526
7504021310,680274.6036692071
2436700315,615241.5135707945
8732750100,377476.4155628379
3298201290,402672.15294529265
9241900150,1064334.0716620176
1180005220,275246.9806696614
5540000050,350430.9694994874
9211520400,318037.97886151454
2623029078,416427.181157521
7132300695,483227.3062188895
6430500219,525364.6706132323
6084200100,425139.18151840934
7140200280,333471.5765124654
3904910610,586809.095763878
7625701900,545387.3765658375
9432900560,399999.6161156492
1388600110,304070.10137360875
9126101201,409519.9246015693
4224100030,430346.8242730305
1109000390,534142.2544199349
3336000296,319297.5964502752
7504100590,720366.5158756769
2025701060,322353.4392103499
7527410080,600222.755081281
7304301045,371677.70271605
2591840050,507502.3190374647
2767602490,492182.27401747723
5494000040,1279180.185211896
2473251090,351202.6727710649
3825500080,507451.270684534
2309710150,374322.2705274478
8901001335,713159.3250871536
1781500435,518172.9752604913
8835220200,366989.8420935587
4037500335,534176.3619826527
1338300180,1539136.9531155343
7968000120,333785.1632591603
686050100,1057044.0868581492
1180008315,343244.4118074224
1657300280,445093.68274611444
7856600170,789982.2361006349
4154303125,656747.7408808611
3295730050,656954.1164691971
1777500090,636688.563643243
203600470,623309.9011413413
6673050020,393034.1160998989
8731980680,370130.67337656644
2273600260,599061.240868893
1000102,352981.9074910536
4197400005,545974.0105497332
3378100100,310770.9516861123
7856620210,758945.8647940581
9275700765,928867.7166747559
1246700136,451507.50626185426
4239400740,235077.4028435554
3306300630,267855.56798362866
2524049056,1142191.8312501796
2023049245,290522.8176829192
3210400340,339865.01028793876
2621760350,365430.1714566957
526059183,479605.33335744106
8078460050,666767.3511867016
7504110050,683923.8762046004
3876312840,457213.5104826546
9268850350,356773.14702344814
8085400490,1159962.259039844
2722059185,555339.3340029249
3644100101,394152.63714613736
1321700030,583668.4436355022
5608000630,1191726.4078477684
825059349,1247697.0281837184
6083000071,290357.45410290896
9164100105,553071.2251188341
1425059145,499919.9949600602
5210200184,593355.7423977897
9477201370,487667.3277253727
2927600630,944674.1728125311
2619920170,849637.4452433934
1560930450,579560.0028423936
2896000510,570581.193534433
3034200067,682119.714209381
4025300360,436273.53900793305
3362401295,570550.6631956928
2391600555,496406.3946694589
7550801170,512526.72869210213
5347200175,310673.8556672689
8910500471,504000.79163706803
7199340560,525080.1855041799
9266700175,467286.63957777014
808300270,476724.6297459487
2487200875,562138.4273477485
8728100781,328591.58041560533
5379804888,300956.93694301235
6619510060,527889.0603315736
5416500680,471173.28162050876
1862400087,521817.5353169362
2126049277,444546.9518723046
4137000070,349309.3570964965
8081500060,2014743.2478158672
686800065,939799.0566865511
5561100180,556956.7777224059
798000342,378898.5825571443
5603700095,593046.290775364
7151700585,1447696.3485795546
8129700565,645148.2352561259
2782100260,642454.1295258311
7011201106,410662.0214206226
2423069084,584147.115166395
8141300300,387532.9871948358
6601200040,360127.7874849695
290200230,659139.1268551392
1423900220,303812.45760346577
7303200450,289469.917365378
3755100220,437701.7566874713
796000235,305014.07982984395
7237501040,1067823.7171762523
7203220400,829841.3677266131
9285800275,856005.2160424027
2061100435,568658.6453544638
6414100025,576389.8922911517
5317100750,2838954.6492690733
6145601000,484878.87142050057
5634500775,513645.12447171414
7375300160,572792.5197837075
9558050360,519035.2668646339
4151800420,548215.1711453531
3751600146,293300.3803234132
5302400080,578845.8618535674
357000005,595572.6849790377
7283900306,482017.94724616717
3738900105,414267.92342373304
6822100305,659019.4063308099
7436000205,649626.6944144242
3295730040,644460.1173371231
1526300015,480974.7951639277
3294700101,365210.8286530695
8864000970,286804.23161989823
5469502700,417441.3935930258
8078520310,316304.0984529915
6154900130,451336.76625618164
8945200830,261313.50168264427
1085623630,465984.8192030252
4013800131,289030.63895723195
2287000010,803872.1039296363
546000930,669341.6801747961
4051100390,313295.4593470913
7203100120,637717.7695926875
7523850150,359392.03101267386
3826000665,342754.4185950265
1311800560,294407.0458524457
2877102180,573391.4794641846
3221059044,666523.2014888481
9169600110,543859.9205498103
9510920040,766528.3754508682
8813400155,751949.9888448289
3896100130,1293297.4928634167
2568200740,725599.1094698634
1217000340,358004.33885047166
6430500086,486472.3182740981
5634500234,579008.1660286017
825049073,540997.059048387
2391601445,1003891.6022662802
7881500330,512816.2981214886
1721801591,225292.74358130645
2473390710,364949.85515297734
5634500891,395309.46116905933
5515600163,524574.5624252567
2560805630,312245.1649319768
8078350280,611704.537975377
9477201060,444279.7313981073
8827901350,710527.9957886679
3560800040,536885.8677314605
3034200370,570540.7488591919
1328300040,374952.5036857458
2483200010,620353.3082870637
6071800480,489829.007509718
6200017,261937.566703037
8149600065,879785.3646184397
3362400615,562548.9179850002
7518502945,557324.0573303774
8001210120,313665.35692391667
8682280340,534881.2869674603
3623500408,2272734.5628203237
3764650070,509090.2561484385
7937600380,418697.70491682074
923000580,783335.2585039126
217500005,497086.7303043227
5419800510,325817.6672575786
8562901250,569595.7438525987
2212200100,365474.5561418067
2310100240,427813.68470102985
8582010240,629849.5361306459
8651410670,277178.94436970726
3330501645,351611.5590995052
8113101232,450716.78721421276
7849202190,348231.4993887815
1864700300,375234.6070017313
5231000060,380019.7070624892
1565900070,315011.5000194829
7555220140,776349.8716961304
7518505160,476059.7650536044
3322049005,567878.1497525796
808300550,458043.99154091376
66000265,482222.23753940756
2880100675,465085.2808103615
1524079156,442866.1490663068
3625700010,1596467.4480342898
3259400024,369026.6310182208
3205000310,484323.8516069041
807800190,348246.44809727854
2783600210,566463.8178849074
9290870040,779863.9163341622
2561360120,514091.272093401
8857100180,417591.86480089446
4388000070,311084.7713393393
3860900003,932135.5854345877
1176001119,605240.8877146982
6084600330,324603.4835760284
7985000100,295459.2264737867
8026200080,442739.02719774086
3210600010,723131.5007472814
7558300170,574645.1274495429
7852180340,515494.5102884019
524069011,679044.990495376
3361401011,246468.91308141564
6117502455,401293.2448384406
5602000025,308738.2470130823
4142450490,372954.5628325379
5306100255,438055.01568400464
1795900120,585162.977973829
1193000280,1012534.6171922892
9238480120,533248.0009192927
3630200780,917226.4071771302
1250201130,521025.99382752355
7796000095,1059625.181030501
8635760040,512084.76045160566
9476700135,401545.6545727533
5249804510,640954.5761559994
40000553,303214.91463699
3204300625,808493.7473058361
2596400050,452939.3803940895
2724069103,464665.6561018636
3744000040,531079.8043949837
7525100590,467063.0808307815
3705900292,460105.5168935433
6169900790,1910667.0349917228
8127700735,1092232.1643011537
3761700067,1026306.3208648111
6065300570,1119749.9022008288
4022902050,502029.19541574904
3886902590,582593.0724149222
4107100190,2195963.7503952803
2909300150,651205.8345888547
384000135,561416.0971266375
1005000036,478212.2400232322
8856970530,383144.47032031696
3448900320,631764.1118732985
6713700100,457950.5035557227
2260300060,2153489.6905828635
7273100026,632120.0187227422
1277000020,815145.8975628915
2620069113,425023.03734040016
4166800080,406561.14041971735
8731902680,345004.05679604283
2599200830,300893.91489595023
7569500010,690634.9846563262
1825069031,672870.4167677758
4443801495,567657.2029898172
7805450110,745611.8366888498
3345700207,611203.4665189487
1560920450,760713.6844832874
3629950010,485222.2931635928
3782100035,330858.55166677025
5561400340,737202.4204911481
1898310110,336694.42601901805
2122039094,855067.5745768966
631000040,576519.207877558
293000145,423533.188813879
8121100015,464927.2965041001
3205200430,463841.19491758075
2475900565,351095.4985629555
1651500040,2185181.28801878
3955900500,445884.2721325812
7907600100,366379.0761686889
3123039136,393675.96449918876
3972900735,357316.8968587141
1424059130,522689.2349339539
6792200282,334605.2945396244
910000104,359154.6319705157
3751600784,439692.99282058916
946000295,509595.22346908227
7749500070,380084.8651455896
255550070,409969.1664714712
5151600340,356402.9626498308
5415300060,545230.4056738596
287000110,660569.2215999817
7585000110,282478.4752164309
8121200460,582888.6965499526
6891100090,920434.7490912101
7575600100,356788.9628205369
4240400140,651699.0796475562
4046500510,386296.50578296266
2944010240,999070.3429220993
3449820380,555883.8649426568
7203102140,349966.06261049455
8665900291,596389.1033168599
1775930010,501328.0206189499
1118001631,1402626.9617146458
8911000445,438892.4028223745
117000100,665045.5920663573
9284800085,552592.8024983861
2795000080,539187.8530883208
123039207,396473.14413123537
1312200080,309986.26586764975
1236300290,1023756.5540666112
7549800168,527662.8682148599
6891100260,872854.1920110204
6072000910,624224.3950363492
3226049184,465332.2141008452
1442880320,552960.783926141
23500190,595549.0675528035
6021502070,552953.0974787402
4168000110,286368.75669923995
792000006,268912.84507421165
9558200210,351860.35446746467
3840700757,654966.4699691094
3876311650,631221.5482525841
1328320800,384182.8017039939
5006000170,339967.6541919485
7575600430,334090.2553959579
7686202580,280129.21193908947
2524069097,2638322.255163026
4292300024,415607.40861003136
2726049071,403547.5056449537
3526039019,813122.7894573999
3300701365,519657.2129514214
1274500170,275657.0680712726
7282300095,379654.32882093056
8562740440,705434.9863959071
3761100045,2520726.9452155684
2877104265,934164.9673600374
7940710100,524316.651121351
6071000030,782090.7598523067
6448000100,1540443.036028742
2923500230,2165241.2356383214
6751300375,510818.9163249836
7214810350,501804.17512654036
1088800470,620403.8020885523
7129300420,374828.5858755724
6149700405,418177.786120042
9521100855,485587.0214445971
1861400116,724884.121575914
2787460720,309744.16140639
6073240060,637677.3804662236
291310100,470195.5696210734
1247100035,961775.7114910324
2626069030,3038944.311942855
1326059085,608249.4877467472
6447300265,3871558.1003982835
8651401270,281529.0304692074
3524039209,991465.4404169424
3226069049,1103820.7892121463
7548300425,445627.14244118275
1438000360,568984.1030942594
1777600900,762154.9413040301
5244800695,526339.9170202501
3387900390,342074.77414246084
1954700615,1098479.740713847
1026049036,379900.98027601105
1683500180,325292.0187859265
1939130420,688360.6535727992
2021200530,898575.7775644942
993002325,505493.10934000247
2780900220,383968.6907573242
2540800390,493808.343525393
2919700540,625965.7997341157
2787250090,564156.9725672724
8651442520,330612.06818546855
100600860,298410.82509254845
1437580480,969767.6158088632
3886902505,636769.3093645073
173000140,505436.9895761627
5151800045,561134.3456362544
3010300240,593013.2027542882
2085200261,375737.84357843164
1839500065,389257.4367183277
1049010300,439784.66063961445
1328340540,406340.4062779631
8887001625,511523.1198798973
5332200320,773124.1286301978
7137960030,355583.6770937085
5468780250,395466.26976743236
2436200715,686072.4760404904
5137800030,396708.3541583702
1068000520,1206595.391442177
5379805121,450599.8805234215
7445000105,499556.8058748025
7942601895,758558.8248593195
1727850350,1056126.4442435037
9407150310,415571.5277426125
5569620550,750478.5635661802
3179100480,497153.3185613948
3624039111,269199.0654099799
7844200050,383851.6778005865
3304040020,456040.8132727015
7739100155,616453.0108528824
6099400053,271287.6020058582
7468900270,291728.07525801536
396100025,442757.5579452565
1160000255,438414.6330684915
6300000320,490498.52327532554
6392000570,456061.63147782255
7387500235,403006.55667708407
1121000058,572868.171159458
9828702120,535128.5830582748
7715800310,480988.42208874587
8562740370,706101.3203649197
5637500070,472287.5298823121
5561400470,642209.4581500925
1189000205,494370.10048853944
2412100025,439703.03057361336
1073100065,406759.8028479783
5160300020,555397.4718377768
2770601677,496251.8059416023
5104450070,460264.1340652702
820079043,518482.2611643985
751000190,481905.43563855323
1823049179,437555.06597878214
7430200060,1185696.1461271767
3331000035,529926.6488348036
1775910370,583385.6730907053
3626039299,587020.5082990587
1546600125,659402.8293907607
3260810150,386936.4555822411
6817800330,344085.6567117353
414100045,465674.7021715514
1326039061,505209.0439779215
4055700030,1242194.345941354
1225069038,4121098.179400953
2296700260,517198.43510533415
2822049160,300612.64479950763
3395300260,569179.4558175702
5144000036,428450.2072378705
809002290,863606.4568854113
7334501410,406256.2062219355
421049114,275017.33695289155
2623069010,950540.7697057943
1133000144,556680.2312802662
705710290,400826.3750403393
7313200120,690587.0708469452
1269200150,418267.60994754604
9264930970,384924.45444034005
6819100020,1741341.5242493157
5112800421,348626.0023992718
7846700850,347158.58680460387
7227501450,354846.9328571173
5451210150,848085.1723154048
4140900140,489729.5827389902
3537900180,903017.2561030143
7738500475,539613.3534420696
3541600450,470147.2121544609
5379800040,395210.8499076471
6664900330,358271.98660181987
6056100312,404659.0120162688
7766200013,641578.6578456851
8651720470,530635.1438836061
5690500095,736211.089531973
5423010180,785818.2062697471
3204300610,498855.4906633602
3425059066,592844.8858178334
7856660130,1063940.8487556314
2954400520,1219729.0344574742
2327000110,934075.7426373214
9526600340,715157.6549809825
7695500200,480067.6839076559
7237501180,1059159.0803292862
2008000550,366012.93095603527
1123059126,625663.0042184734
1775500371,806873.7616352742
3459900230,3136311.2513706842
2619950310,527062.8486147333
1771100330,360579.70208326506
1321059097,429083.330456387
2420069278,384349.9661952908
3832050570,376968.89682390186
7132300525,467856.1970721127
8691410700,748479.3956576039
7967000150,419179.70171740506
1328300810,403888.35709581093
711000110,1166797.532613812
9485951460,464171.9105373748
1771000970,423119.7956920752
2817100900,363362.18730836734
6817800630,482442.3689689194
3558900450,573601.130680131
7215400770,437865.84724046465
4222000320,290611.9490346504
2791500270,353530.08012258017
424069018,785336.3308218662
9547205180,746561.4376956637
5631500947,614996.0681173285
1425059193,1194884.1919904104
567000775,507962.24829622806
3904900610,573563.296567389
3649100346,487721.58602714987
1624049228,460878.0407490091
1559900080,434532.5819363458
2919702040,631594.866889683
4013800206,305187.90199788724
1025039292,1185534.628043782
2771604640,672109.6969475835
7203600550,383957.189517866
1545802830,341689.7119462278
3303910010,706968.7029163773
8617000060,830700.7997238312
7889600190,339975.05934988795
3325069064,505122.4320549661
6300000337,537916.2816200773
1172000150,475578.03819835524
3348401319,442197.2361868292
4188000490,872378.3716002763
7779200355,693189.8017449392
8029900110,495953.2453351477
4060000290,331343.6864017485
9475710040,487513.6143090086
798000535,346282.6596699139
6415100410,505460.73904337804
4299700095,376817.8722723292
6117500955,502172.72231692425
2421039075,336546.3214945353
3362401935,565359.5210846883
1545800205,381735.66037293297
7645900235,794668.5858520227
4141000060,1146275.2324748037
9485800050,667772.118603371
2436700280,810368.1117596421
7335400400,326108.9088379309
9294300495,844401.8604578007
6649300190,496735.5638659721
7950303270,410427.5940767571
2391601010,523965.30035958765
8129700728,651803.8038293889
7871500685,667006.8733393146
1498304065,633484.0407128771
3862710010,489668.7958885833
9209900335,654163.0848566035
952006857,413921.55469020724
2322069168,613833.2822571816
1775801090,553700.9948841773
5700002165,611824.3527587292
4029400080,462947.1858655225
7796100080,834896.5362526079
9279700150,1835879.1996412897
3876200060,484794.36169022927
2934800025,400075.13142671133
9359100101,1004523.947079983
3330500335,388137.53587431076
4027700466,440490.88218673435
3204800430,483624.265773928
5415350770,806096.9582900832
1443550020,537324.2037858138
2810600022,377253.32841911924
1238500281,538736.1341760514
2591020140,591371.040339604
7137900960,349161.0685791322
1328340630,384134.609288982
3529200190,408556.0125593964
1624049291,706044.5350473509
4083301120,681036.9841974467
1873100060,661583.0752630115
1773101159,348018.85946809873
7214700350,555163.7139045197
3856902250,685898.9594994585
7169500130,560692.8665103754
4038300010,470009.5420439355
9578500810,490498.7518485323
3345100184,514589.0051528022
452001860,549725.3034398686
7905200037,591413.2522755866
9376301110,615395.8184778264
873900240,400130.5586565967
8682262400,498992.69855234504
7227500910,296905.7613625632
2392100090,537658.3862594689
3221079050,555351.5045179795
4307320280,441356.77297089243
3211270170,502498.1615650129
726059483,716072.4910837521
424049043,678467.6700888965
6865200140,700017.0592621383
1155640050,483442.3100324854
4139430250,1303162.6434354228
818500100,276423.7812944116
7999600180,295497.0821107585
4099501215,840990.0324313203
4046700140,440233.62723841605
8857600490,300836.44174551073
8677900120,623482.0836588562
5379805253,288784.08730422374
9211510410,341641.43705199915
2337000150,359477.16291437123
1423049029,358067.6535221904
4036800580,504718.81186303694
3942900010,447079.69664449885
3438502715,457682.9556197583
7625702441,445080.6773409305
3905100610,522865.56077570666
2218000335,546880.7599310991
3034200516,511936.08079743385
8024200625,479908.2219862929
8564500020,413545.7180193327
9550202700,576211.5162307718
7518508625,622690.0163107875
1822350070,433297.07736474543
8921000040,828393.9588499673
6648150090,1423758.767874585
2402100675,846544.3985439171
42000127,346978.1627310147
5100401160,593226.2157838459
7347600507,331721.4771829272
1839910300,449133.5081369971
1250201550,853123.8235867622
9460000010,369975.22063267673
3356402232,299936.19727104664
6819100150,767028.57653836
8645501330,345256.4652993747
1556200005,851633.5655916359
40000228,289124.87892612704
7300410010,441415.9630693624
4299000030,439144.17361514474
2629600016,584433.8102690184
662310900,431284.87026986724
1909600046,579713.0471671339
7893207490,315701.1428871156
2524049318,1735598.9550357405
924069210,774301.4285065979
1591600527,394798.182523783
98000060,1278367.9872939412
6392002020,638181.9722302324
2719100400,582743.8260674514
8018600655,510604.3502335141
2141500020,523553.3313307357
3277801580,599169.2427981271
7237500110,1053225.4566594404
626100023,722481.9912986463
4319200820,440590.1313647317
1422029138,648342.5787661488
9517200610,452126.95859560283
7334600280,351041.33668213926
8820902400,595541.0074899956
8944600060,590419.217073338
100100050,378534.48966625327
8074200100,360797.713673566
1836980240,805474.5619851246
6648500440,403909.72195151844
9530100225,658244.9002828096
2883200875,710542.8068097933
4218400175,1108467.1094272744
1022069183,624470.2116554842
6398000171,598899.3514189742
5021900160,731979.9381988627
8078410250,582992.638616344
7972602490,412167.9616713985
1962200435,887529.0522744309
7221400285,343832.7404990929
273900030,341780.8836723606
2708450020,557209.2089409089
4083306616,506104.9067871717
3034200435,606865.4368747199
7855000550,1190615.5108135764
871000155,699357.4368568615
8024201714,562480.456690086
2625069038,1345996.1733000132
2324800350,773069.7985665862
5450900010,1305499.135958032
1822039225,634880.9565507717
2460700700,366745.7901519425
6679001060,407249.82776869833
2422059111,414799.56786900485
1250200345,375207.3109982204
5589300370,386746.29644808394
2021201000,1263505.9264530921
4302200336,411302.47092717385
1328330290,425034.5507037445
3438500781,522823.45878516685
5453700020,853836.3372886921
123039147,527740.3912105779
8691310070,911190.9813396807
6450303785,405026.36313027213
114100234,510105.41587594483
9212900820,595672.2958816038
4270600025,388650.1479705084
7201600190,491463.84399547655
521049227,787648.4723410285
6300500479,497053.3968976017
1432600100,321224.47761312616
1024000109,458905.89479018096
1430800100,466984.8829341297
9164100125,568978.6890282197
1925069183,581782.1652487818
7852160080,857922.7894361776
5317100780,1492138.0253083506
4083304835,622574.5766332494
9478400080,828225.9395739001
4463400195,317555.0915934203
4232901525,579284.9065544814
3845101070,460286.51969138486
1843130980,385005.03011831915
3810000480,453406.33634023403
7137960440,389148.3662339181
1231001115,514445.5176843296
5101405340,610409.5853205734
3723800409,667666.9586535299
8651430370,278893.6923415519
6135300010,369598.53238675336
23520380,587178.3212538062
2935400100,640831.6858220586
6137500320,975714.2756608401
7841300230,388805.38309338136
3521069051,567089.5352471094
2621400080,389699.7888747278
5104530240,435756.7832097445
2022069200,475261.3978658343
5469501850,479575.97174796433
9206950110,374187.6852428576
3298300210,436952.11877492967
2810600015,473521.54959270154
7298050090,560544.9324270043
7202290620,535623.5437263333
3211290370,498486.2206541397
1591600506,475495.33500221034
2827100070,463435.8160550768
2482410130,483124.3892261987
4364200125,528114.6742702193
6388910730,645008.2035420456
7436500120,569131.3056402064
1822059156,785092.5046804603
9432750190,582229.2800385809
2205700405,512045.7291030541
6056111370,419851.4731985315
3205500160,490212.813934886
6139100076,433873.2205084475
723069135,539130.5404495962
4123830070,431085.86749603855
2472920740,521674.91892920074
6134500220,644792.5852730963
2734100395,349079.9149170737
3574800090,525699.2990136136
3126049107,616882.3318893182
669000210,1163349.7651363462
1139000620,428010.804411103
3825311190,749217.5343119672
7300400320,456516.2539317933
9407150250,397436.91096821777
3679400503,381857.26706662285
641900050,507577.59166036296
9169100130,609438.4023154421
8091800140,498219.3515097478
9547201155,635426.1173050329
4154302045,383756.1374888032
6638900265,885546.5071963528
1423069063,481724.89190057886
3335000025,552452.9461749448
9269200650,374939.2832203364
1781500180,416875.31372726674
9211500520,338296.55137509335
1853080150,918025.2617324012
2767704756,501353.5545300406
2206700295,545792.7481248454
2557000380,407133.74041594897
11520200,783539.9278632221
3832710680,349845.3198359778
2569500210,409864.8350864155
5230300210,364380.4382403069
6447300225,1643195.0074507864
5035300325,1134693.3233048064
7853301660,802478.4083329046
5411800250,437378.0764007142
7203210170,724640.6809932082
4302200415,420924.46800504293
7942100290,347358.15808815806
3629860160,756508.1355084584
1423069076,570843.4327658857
525049085,718805.945343507
3306200230,335957.22722468205
2193310300,541325.4972613658
7978800621,358623.00369381957
4027700632,557941.9624651991
1761100190,345891.51473305287
2749600245,602192.8316980717
322069141,497743.5496333767
1900000035,317086.613695411
3361400190,321044.18363414455
1604602050,511895.3202612344
9421500160,479185.2385457229
7788400180,406558.1669422299
1566100625,613697.608739866
3861500340,348431.7976883348
2524069072,405480.50370625156
3013300980,525210.5726676218
4191500130,656889.1438117014
9407150130,409946.38747090416
3904902500,746149.1962253245
9510900140,343967.9435017116
3368900084,441092.91915057437
3432501415,423403.9303839231
4254000540,549999.7646991618
2767603250,597484.2764250257
2923501130,664680.5098756645
9183703045,376592.6497557837
5279100675,438278.52190255246
3905080310,597262.2586029576
2461900375,701055.3995577227
3346300356,670490.89878028
1865000110,440028.1555172088
9264930400,389988.4025504674
3447000100,642278.5437587444
2313900510,621783.9114461191
7518507330,695414.5844715058
9368700270,301279.1638124741
1137400420,488643.52530490153
2023069054,444726.73541071004
2141320230,715015.3930592883
9536601295,498468.8129108888
2424400130,456987.8458274761
5210200081,569619.1122681759
4443800785,623530.4773023212
7292700005,577886.0944381211
9834201205,408144.1143204669
3275800050,391776.40519716847
6926700654,725288.7862959226
7511000140,1275955.8333234426
6821101895,660861.0149488525
8964800695,1248333.7134444532
6821100195,765674.6027779474
1226059105,696488.1622588923
2806300070,1145571.4637664065
1720069029,458650.1927056065
6384300020,577913.0947677145
8928100125,745221.5395257013
8562770720,587857.6287957298
8650300130,765190.3235590102
2126059172,527152.429095078
8812401450,755491.0938087964
6646200280,661937.3537473668
4021100045,611723.4197674977
1155620190,504335.5481450367
6061000010,437435.5904089587
3362400472,490269.8708080236
9558020240,570183.1629630734
7309100270,614817.534359777
7137950210,413583.2435661067
7849200635,288837.11118472076
1311200460,334058.3300904771
284000095,1378525.0521117868
1509700050,431504.8724845606
3438503014,396819.7992615198
9406450090,424858.4071562493
5096300140,448945.9299812859
8923600020,1643594.732079312
809001070,692108.7312157892
2291400342,411687.4887513332
644210020,944843.0630432903
6700390090,363277.93602728617
5631500285,794328.6860869292
104560120,402109.56522253813
6413100311,554230.8779634859
2558700090,522519.2163453958
1471590060,735130.1697531771
8914100170,623956.9867558553
5652601035,480789.74146239157
7852120140,772400.3354683272
6163900952,476319.5033930923
5215200050,1056858.393182037
6352600490,802367.136187752
3912000020,654777.9430686112
8830400135,327738.3561524225
5467500040,512614.64449461794
9406570300,501884.0864662706
109200390,340399.47516623884
2025770310,665668.0802948402
1939120450,703509.4317818256
7524900003,2866136.46344216
3755000120,476175.4476015237
2473002850,571162.7503089783
7625703945,504829.2503010271
9477000190,541112.3813766721
1727500230,504225.25667083735
7011201087,495740.8261504753
5561300750,525398.902433352
3969300030,319703.89029556495
8097000330,422132.65667479497
2025049064,760544.6847590874
985001321,345852.20115234656
1775500050,571904.886879548
8849300160,434362.7086728908
2316400285,602488.3535438152
2423020180,741443.6894570302
7128300500,561450.3303259001
9512501400,506152.6377409387
7200179,320162.7153297077
5490210670,622650.6380498196
9527000330,659056.6771000406
1972200326,585156.7906930299
4151800195,626267.6693706585
4046500320,435924.83208972646
9834200885,573693.7835554352
8161020050,560615.6132054531
2891000750,313251.84691794537
3426049031,1300420.5422221257
7387500195,381749.7744093986
6303400395,259984.95884868235
638100015,514332.7700781928
4107100204,2384389.4965676176
537000255,343595.4226600564
985001266,385056.9064852766
1137410040,550174.5740438636
7229900250,361381.21753065556
3905100840,580885.856861689
8100400160,687507.7559172402
1346300150,3124478.9855342973
1443501020,339523.9012253186
5490700035,428885.48990334105
1954600050,486988.2764489877
8122100690,599308.4771726681
3663000070,645325.8270618087
5101406375,567903.9780365381
426059055,667468.1976590784
9268850160,434539.2629915618
8731800840,356928.6907459949
3331001910,409991.76365296403
7603100020,1051480.4145731865
809002705,724535.9399355878
4364200075,437151.78967232397
1113000430,293854.4083954755
1176001117,673396.0109350014
3320000212,484630.10212506336
9286000150,1370202.1579862274
301400830,366057.0159934972
425059024,616917.2485009496
8835350300,595745.0892267942
7100000135,431995.78245938936
7696600240,317328.6264842142
9808640320,936119.2795611541
3764500180,691685.7094093803
326049060,668248.4164348249
4017110200,510053.5974012916
7224500300,365798.6364562975
1560930050,589094.7487791632
726059395,537277.2287402608
8964800890,2595904.0354491053
4045500620,648200.514786748
8562710250,963120.6890521796
1775800710,479145.73966046434
9528102865,752824.4851847247
8096000060,906252.2096694767
1591000015,406652.3791595081
2310000430,397032.1011565194
3902300350,733363.1437071942
4068300280,379029.6273579054
8732130730,367195.02355755825
6791100410,600057.440565562
7660100236,459474.0496511544
2568200070,861211.4229190049
7697870310,382220.9611488748
8562901100,682459.5783239045
4016800120,400407.09033888613
7338200180,614670.887315838
6791400320,405283.4848141698
616000200,511585.9265826939
2917200675,582151.2978941376
2926049086,618654.234923417
3621059048,506409.321382345
7987401095,697768.1133932496
5589900590,440000.9225116578
855700170,579026.0076843794
4030500130,423681.18222996115
1755700060,501468.691128921
2413900050,767210.0182806537
2489200250,569090.2057233006
420000085,385182.6661390475
8106300820,553130.5898643815
8651730580,538388.9794748258
8106300090,508449.12002547155
9842300095,483453.937217845
9477000280,512912.7725413913
2877102495,524977.1987689219
868001030,1028398.881749124
8564860110,663100.6696473835
6762700452,598582.8017199528
3294700310,351419.80585692654
7231501665,347950.63447411783
7525900050,610959.8225748462
7882600326,1560900.3231300362
104550690,410554.64262122597
3425059076,999613.0724675471
8835770170,2185278.0626280233
2581300010,1161280.3459300525
844000180,368435.2227587998
7888100240,352121.8232655346
3845100670,522514.4888282195
4027700812,542403.0659920175
291310390,438949.8462928499
9550200370,708929.1414230014
2328800130,370551.91052456625
2372800100,376586.7317977287
2923039264,788227.7176971079
9282801720,411379.1043842732
9520900230,677551.3172977577
985000955,388017.1446268326
1099600090,358286.1012585457
9211010320,616260.6268395405
3825310820,839214.4305658638
9545240180,637076.8441202806
87000245,318534.0868872901
5041300100,721721.1539734458
3624039150,383547.3849312754
1370804430,648506.8979318038
722079056,585253.7451552543
9126100815,599133.7744258798
1770000490,455598.6737004005
3995700250,520968.97909855813
7214820400,501708.9386588865
2473411130,424357.46418592246
1824059079,951879.1336335193
3080000030,512475.38120233687
984200540,422260.25208959065
524059063,1837570.1461062012
9482700475,719634.2611947663
8024200820,599856.1521878815
8568700015,466474.7050160417
1223089050,493088.65954164776
2205500400,532095.8311711071
1279300085,696845.5914366842
7376300085,540896.2901359554
322069020,548018.7383875396
291310150,444077.625516145
724069059,1617302.7929662818
5255200220,497301.8112050131
1931300850,573261.6450274634
4427100105,525746.543081093
2881700231,459525.2669983435
8641500280,387305.6414768656
5406500440,695263.180365531
8078390150,717662.8909257774
8945300090,331062.4244439883
8819901030,865198.1152298063
3179100220,828177.9238497182
2126079046,530359.0667554798
2621750350,431941.17039227684
4014400190,553560.1947337121
7853420110,685280.8191469265
2114700368,391997.40889376355
3438501081,405719.3673851986
6850700670,750506.1260828018
3352402272,368450.2648010786
4157600150,664351.9997955994
8151600941,419574.7755665822
5160300030,592643.5425682297
3820350120,442432.2680220809
7338000800,312464.2605327957
3359500110,844598.6413038925
8016300240,644038.393958801
7203120050,767777.0711542333
3322049201,354861.87717998715
7231502505,335300.2453801139
8106100105,3748505.466391428
3895100039,921391.4274626365
1001200035,332210.2168169816
2724201202,330009.3248519892
4038100110,578302.6968347077
8827900015,732099.8500020863
2644900109,493168.71218703117
302000375,368281.0392674153
1604600095,481847.279211856
2600040160,705060.3296879716
2129700525,429855.78382799483
603000555,486678.63818816
4083302225,945213.5457454561
7298000090,493642.06288487883
2484700015,613923.7670783245
8945100320,327658.55761961255
5112800042,474971.35353345756
8091411100,403584.0227647207
7375100070,543985.704972499
7577700061,610798.7657904773
7923700030,521844.389729646
4235400186,487811.6462656901
1498303700,815972.1407633112
3876312350,520838.7898886492
3797001815,543864.494098182
868002015,1546544.5862323185
597000550,498851.0548963705
8956200530,531601.3861717201
2207100165,574252.0320059265
7942100180,350847.3124294084
2468800040,411328.17298923974
9842300036,490986.41317992634
5700003985,2035133.088969024
2988000070,461673.23691067775
8857320260,667459.5647223571
2600040130,623218.8884332267
6632900452,674064.2821923689
7518505910,660290.9501302737
1672000170,755976.3341281762
2597800010,632343.023335407
8562790720,796281.227936364
4219401080,1921721.0397065878
7000100711,797693.1401533366
7954000125,707920.0933627933
5700003640,1815453.832823479
5700000275,804775.400885804
4019301205,558829.9273176774
8943600360,392545.2978878273
2954400400,1128126.6436767646
1321400060,376305.1065740678
2255500123,757128.095069339
2781260070,519323.2428018904
1313000220,750963.7779728537
1125069153,1579821.8025285064
8899000310,390175.1173645356
4139450360,874669.4669916101
5511600315,627330.339099628
3575302575,581060.8121493692
3226049054,583546.0187602745
274100090,402630.2104730003
1545802080,365829.36161165626
6669020500,395924.708306195
3307700405,639954.0787787036
3760500407,1902540.2373831435
7853270100,761482.1573398544
9320350020,638837.9957497716
7715800430,578693.0148162015
6791400100,477222.05489528266
7708000010,539586.1580069154
1448800010,413918.55797719583
1782500035,452224.4709216497
3449500050,602791.8370455748
2856100515,988589.8923547161
1245000461,1031239.4255060103
1219000043,452468.1205261305
5409800110,477312.3492885681
2680700010,725791.3833589541
8143100350,508305.09459646465
2597150270,397129.66311583284
2966800010,448820.6825914602
8854000010,735266.7380443134
2207200635,535817.574500955
1722059222,438106.45203495654
9358002305,465097.3683370396
6392001950,562461.8579837796
3630080070,489630.62434842694
3797001702,994553.791490417
8127700440,747978.7381886021
1446400785,333382.86140414776
5016002275,1007096.1535704115
2818100060,1232742.7403250516
6431000748,478158.3454198946
7972600450,441473.24031062017
8078570380,436698.65032343584
7889601320,336892.2732096079
1762600280,1031366.5381049343
3026059085,1313626.519063355
3475000080,743057.6268044593
1370802620,739332.6296797751
5151600285,412342.9836970655
2722049218,411865.25149372104
7696300080,504096.7974372487
4168100020,354147.04026934184
1474000050,520673.52868789074
2473480350,438183.05770396616
1139600270,394703.89105232194
6699940120,458614.04423399834
7016100120,553399.9143553039
6752510010,838515.5536945593
7915100490,710726.0277652944
984210170,439878.51732966036
6159400030,541285.5196043167
3013300968,509020.30399188213
6404600006,372317.53517564235
2770602170,530552.860886491
1922059401,362956.71518665255
291300010,461677.1110018526
3856905185,597093.0905313245
7304300905,424214.76474925067
3416600185,687690.1553112676
1786810040,788069.9893156688
4354700010,527296.7199000719
3902100175,989239.5963686381
4305600360,586992.4644901397
3622069114,665226.6718646758
4376700570,723156.6157572307
6795100589,662390.5153820318
3344500085,571281.5466310126
2206500105,503409.51812594116
8731900880,461806.9098245052
1682000160,353428.1763875472
5104200380,416463.17742907524
1982201595,634430.3421493148
795002190,338283.71105827094
7228500375,621260.9542418648
9412200280,527076.9124853258
5071401000,800514.2617084836
597000566,430034.1227799435
8151600101,338226.1023363115
2028700265,557003.0355168441
1670400090,291666.3655383713
7851980100,1019813.5649914403
5595900345,499454.73160191154
4046700300,455855.2809957068
4324210120,421724.2257261079
2616800050,593134.6874888542
1525079069,709723.6896374254
9828201020,611179.3316603086
2723069146,716836.9510880096
9468200100,648553.5296646258
2883200961,692450.5943574295
1137300690,726288.647528722
2473100280,453542.43372075725
723049448,383690.9680394187
3066410810,698939.5856541875
5700003280,966914.9971051877
9268200440,539730.5039211157
4053200410,422352.3425927567
1234000704,1239551.9741529743
2473372170,513199.22094199364
2523039239,399977.8069485087
4324500490,340574.8802081371
238000244,543458.7254179565
1105000571,492170.2058958338
1771000430,438904.9143161379
666000142,797779.0475250863
3389900800,596961.9598765771
3578700017,706665.4712960667
3629970190,813021.8807791251
255450250,454686.4602204479
1154100205,436298.53632339754
3629890190,1048219.6464190474
3905080870,612415.9661180214
8155820110,449285.8894470713
5135000170,752857.7766687833
2464400435,659018.7559871327
9482700080,630334.3286811765
318900080,596164.9899225299
9477001410,521468.6948497856
825079019,723159.5715787509
1471701200,453523.05086441006
5606000120,905149.9482091155
7853350220,683347.1697351169
1776460110,548411.130280215
3904920980,739610.4112326636
8087800430,640303.9022037287
3298200320,524311.517947669
9122500080,403989.42100264906
7893804845,426982.89879952796
1370803730,702500.9045557455
8001450170,405458.2824622048
5561400260,723347.1835593913
7308600010,856838.1046292419
3524039060,462433.99211206054
7300400150,471451.8338261726
207700050,668502.6172714417
5595900355,358329.80504524254
2652500285,829638.2426302636
6744701310,2116871.683718336
525069127,1342081.9050935952
3334000050,538854.0790638123
8682220390,774612.5395749266
4038700380,658814.3525177714
8073000265,529347.7573101104
9521100960,745564.6236664903
5634500688,801172.8298270588
6813600440,569390.4513840574
1072010350,606183.0160213107
7853301700,727774.8856343536
5141000571,415252.8794488887
2013802060,586091.3922898524
7852070210,1166810.6917165362
1402970070,469842.34748719115
2310040020,466729.2253246285
646910560,375306.89255691227
6647400090,547738.700561027
8682231110,662851.6589916345
4376700330,762075.9439887877
8069000075,804781.1342658369
7147600220,360311.3468561047
4142450330,401202.06334285735
5101404698,584927.3467763785
6154500070,983820.1245905926
1592000640,697147.7842927035
3756900027,575156.5963976932
7203220130,918912.1033183127
643300010,674931.8943640717
8651720150,600925.526819153
4139400910,812644.4586924217
5054800110,451324.88982435665
8835200330,538182.726042571
7682200340,371909.0054267823
7203600745,494197.5245940549
1895000260,338463.09283759294
7922750020,641728.1055445435
5437200050,501621.7730836857
8732160250,404550.6486578287
1442870440,597369.7583331873
1471700410,450035.31790623994
3204800330,510461.16283053876
1923000160,1042874.4305074469
2719100013,500125.6850697243
3814900380,491833.1523780052
326049038,581711.0850345456
1068000110,985965.9585667197
8835800010,1322971.2013119683
1560920200,570282.7558686311
1668500090,727076.440154319
2597530070,872072.1325018379
1139000035,712480.104113027
8032700072,592721.239664733
7732300390,773700.1416926314
5130000080,580623.8773220144
9276200890,519987.31157052435
342000036,574829.6497767693
5126300060,557531.2141255741
2331300505,884236.6762291681
8651410090,330835.17404353636
200800330,571893.09280327
7520000616,441349.7206241497
7170200110,546908.5521032317
3021059155,357473.9349216229
3582900280,948073.7703557886
7340600845,341856.7632610071
3905040060,630095.8453671632
3224800120,423020.03944911045
6021503740,573314.4266747179
2570300130,525262.406557714
8121100395,562646.9013129338
3356404198,390175.51685027237
3630090050,796093.4118708663
923000413,617928.2568789034
9201300020,1521352.4223403393
1777600210,704304.8112154957
7738500731,3190900.5687979553
686900010,930109.8727790623
7967000160,463716.4773157207
3413700130,670569.1461356075
7852190290,648792.0897974125
1180007375,606500.8865226996
3353404510,472940.2216076453
7802900380,474392.1484392362
8021700715,725433.4955027304
3205100080,580039.3930352187
4477000290,561068.9480174833
1118001645,1592241.7240464855
7979900806,464267.4311296582
7228500415,671942.5976742473
7212660640,435802.87125079404
3826000735,340795.7629791659
7714000250,539604.3602659852
4400200057,771450.4453714578
2487200279,615811.3304545248
7140700690,395443.1451980746
3304300080,656159.960325034
2887950110,394725.731945605
3760500222,903714.7019221281
9269200786,462504.4189665423
3734900110,399525.8941277708
5045700400,669076.9791877039
2140950130,543988.4905783067
2612000200,454879.14225797594
8563300085,545265.4533048988
2425059173,742063.8609995339
8091410930,420191.10747311247
9422400035,733581.7938547083
1112000100,676637.356793137
1323089056,599235.531052195
5015000596,894672.4380748861
1535204165,592256.2940765353
1438000430,599006.4511229431
3222059130,703893.3961219562
1982200330,772713.8613070955
6624010010,369745.92556998966
2303900035,4337088.865618127
259600620,612924.2495210834
6072500490,596692.1687316791
123039633,459324.8708388448
8562780090,441742.8356604075
5249802240,668244.3120259482
6071200400,673360.3467076627
826069002,528234.0339874299
2625079030,738008.0794688237
6742700210,1140227.5285394853
9253900408,1843495.1826167132
2560803085,345981.358051751
1237500540,524985.6300900311
425069020,1174665.6396290434
9185700440,2585752.199147033
8656300345,464627.5908924014
4245400045,365886.2163550994
9834201370,483407.34362877655
7853300770,541208.4312046976
9551201295,620078.0917872707
898000220,378124.3187370645
3834000720,453576.1059889993
1245500690,945445.5729362702
4083304190,722812.9651688938
4178300080,799839.2214535375
2960900045,754388.9758911654
1446801030,383545.0632184872
7855800910,844750.3165585788
7853310150,686521.0925714081
8732131090,417954.4831812448
7967600285,582297.1519412698
8651520510,626615.9318229514
5379802650,366253.54958747444
1425059174,589818.7484322924
627300105,1030677.6363816697
3124089049,631793.6508577798
1778350270,725175.302217229
8691500410,503330.8259624859
9169600043,665268.3892866614
100300500,444192.09359329636
3221069054,768711.5466382747
4443800385,620274.5879397233
7922710450,754528.014857403
7880020030,729212.7238913673
3288020050,476778.0439527724
4136980090,804331.1997240367
1687000240,439811.9292157156
7812801785,365205.83216187527
1126059144,756496.9108382633
792500260,537884.7981349425
3222049055,767873.1758077787
8635750090,719351.780765424
2767601280,801887.3308068448
5347200162,371418.56629232137
7503800210,437000.8374602238
3394100020,1151481.931648874
7663700783,535608.1962087813
9454200030,518020.70754680183
3791500050,422665.40359717945
582000185,686790.002552024
3211230260,506950.2130589076
323059103,472628.0839468236
7297700055,483928.0910193518
1545805460,390427.28785327903
2341800195,416417.6754848539
6648700150,399473.8567605222
3860900035,1763869.922607418
1980200236,755029.2183656862
1180002745,421510.2621696578
3275890310,783654.6883512575
6840701100,614355.1014810097
8651402750,355096.2780701374
1588600045,535551.1693708255
2422029094,469260.5858445647
1702901500,547261.0846025933
3755100005,577244.0873117811
3624039074,428538.6936082613
7950302995,516901.2040557469
5273200060,734417.9571287904
8025700460,368803.02734202036
280610020,929404.6408414277
3333002450,434700.8611699377
7379600240,659540.0475265561
4058802300,409732.05443312565
302000065,327163.9845002707
9527000180,581106.2665805503
3626039403,460696.96420095285
9510900360,395977.1513295867
2310040230,509465.2362739265
7308900490,718233.8873983503
2206900065,410689.3467607504
324059161,1036785.8440838269
7345310100,374025.7254816728
2422049107,442000.1787126979
8146100095,668351.0325477984
87000283,487571.52030372515
7937600010,449995.205204639
2618300350,379898.1226130787
224069102,639509.4536067665
7129302095,380584.8993105106
7352200025,1364736.2079712441
6163900333,490114.207884086
3528960020,787914.8534311363
1687000220,442086.9444624501
4141400030,667227.5019735474
1822500160,492362.0648559488
5467910190,525035.792664491
9331800580,423075.09117220185
2407000405,347433.96752591163
5466700290,421761.83859779034
3026059361,562778.2307707987
1523069096,513724.8842565818
3876312010,568928.7618395713
8832900135,769409.5737881672
9238900616,719839.452870987
4142450040,426307.5981999894
9282800065,440983.8056305273
5379800862,471543.7500898039
2459950010,437140.7986141624
4435000520,402393.2153470942
1552800010,429744.4248323033
7549800543,448340.83419783553
9828200460,527204.6625875818
6345000160,1072346.876898385
7129304105,448403.7224014014
4302201005,485644.83519498457
2450500110,804029.7490980851
5166700050,599108.8965968244
1085623710,531210.2897008928
1123049129,389539.8139342566
8566100200,1031720.9385173952
1774000780,562029.7088980051
9492500170,991563.2884352066
686530530,673174.5174467701
4022907770,642088.4869220477
6052400975,403863.53618804563
3438502501,562347.8942030751
3758900023,1353088.7664412889
1645000580,426535.2032177977
8099200030,374059.3637075485
7635801371,567669.725603428
3456000310,957870.1063826202
2025059150,846347.3425010995
2624039114,646537.4007258745
3348401095,412009.2787163539
6633900170,651283.0536368751
2600000510,773594.3654959311
9414700020,464301.4990092632
3204800520,534742.4150240517
1844500025,488161.99973967834
4137010590,528001.2411219837
8564950280,650802.5778378824
1338800491,967032.8148083696
4058801702,755490.9106814023
461004720,708798.4766340812
3123059107,753904.2981009018
6819100380,661379.4092659932
1193000390,990045.7171230335
3450300270,482832.8601574335
3110800040,404562.0600985247
1437910090,596227.274915756
3645500050,636024.9716867201
4338800600,373856.07818549185
2114700530,462837.1191558812
6381500450,500335.4448688042
9206950200,407356.7378116569
4232900940,851621.4470310508
1025049174,1266285.3735669255
7774200070,749145.559395912
1231000310,642999.3346252523
8155870200,444390.5570017116
7935000625,1165979.294246032
2426049079,491790.2727817599
4037500230,610703.0834853506
2331550120,452901.0720302033
7974200765,613428.3751061846
686200510,719551.5104157245
4024100670,566541.8546131093
3834500195,583851.7650829575
3526059115,626153.952365211
7950304075,472158.81951933913
1386800054,425288.8543385542
9834200165,714014.1513746132
6147650300,430452.7088272133
6891800360,660639.3788784443
9170500060,743776.520217159
65000260,920887.463631508
7784400130,714009.5699299749
7941140070,472083.7707273285
2122049096,330375.79126672633
6003000851,445688.1008288185
7203220050,968734.2559448003
8898700960,441278.2672097081
5245600105,379482.314919124
3530470190,340131.9370270578
7883603965,428323.76385298744
4022902505,591512.025567555
3211100240,480522.3579422934
5119010090,676545.667485082
3821000100,383174.8869009267
7301300050,521201.0820700809
2171400197,484169.397119754
9471201175,1575264.7863153527
2473450200,505097.4722181332
2258500045,548027.490748591
1139000400,609621.2100729061
3298701025,385934.29183736537
1498302774,363917.3826260786
9276200190,744596.7907585965
2909300240,723878.7392299357
1250200693,655635.5305521963
3101500010,465589.8975115654
2557000630,418453.5053846111
1324300091,532584.112119739
2826049260,615330.8388572083
3342100421,799990.778375513
3524049083,582669.8917573456
9103000393,1560030.6686051157
3121059033,391988.48312862904
7853240200,685839.7815009826
7950700120,456768.6467490627
1822059057,311722.6913197844
1219000473,436149.3723195462
9272201385,774563.7380156813
1336800185,1241407.537141188
9268851630,537559.107097435
2788400315,392219.66799819225
3529000930,663617.093702773
5631500967,586359.5785593968
2188201010,379833.76386961655
8562970040,760002.0764037268
4415600030,548562.2576032839
2473251170,409099.94862242567
7511200020,598912.3294938832
1163400020,385012.36876043247
5412400180,399782.077618171
255450400,497959.6336237021
1687000210,450020.7246681242
6749700004,419015.8224341545
2738650030,652695.1535608834
9136100420,819983.4596243643
1924069115,890325.6899307513
714000155,722248.7749635999
904000045,810020.5981617882
3395070640,408175.6553091664
6308000010,733792.5539497343
2695600130,480582.76127714297
3626039279,512443.3242129296
1623089039,447804.3993409171
3438501327,466066.9687994871
8118600025,614546.3575149729
7625703435,866434.0251489815
1807900300,757950.0180780386
1862900360,435862.09382287983
2768100186,592685.3013260156
2524059269,1124330.981058816
1126059108,1053168.0411454304
7856610130,920975.2780588925
7203000200,412877.9195040639
3630120700,884042.5262349041
1612500090,373296.9327701039
3586500620,871994.0443967681
5207200360,614006.5381505063
6675500035,557149.8803032753
1781500385,481579.9911528774
1150900080,833011.5486803611
9541600355,1012359.3574867784
7525530670,853730.1202912219
844000375,431701.21076728584
9578140180,503481.01753934525
9558041130,476448.2089663701
1788800910,354486.4217007536
9550200225,648223.7370516281
8643200055,393878.5563528355
6143000020,415244.0630893273
8941100095,1139736.900808943
3630010020,545153.6292700559
2895800610,481134.5220208084
822039084,1078007.1580986413
5423600080,653221.471706762
3992700775,628585.7228049571
3816700150,559115.089544379
4083302485,834636.0939757538
5127000810,486667.1677410395
1725059182,1121559.3475949545
9485930120,482986.25051226735
293850040,711167.0080287372
8731981940,460756.6090141968
3330501545,449772.4221945689
1026069061,773512.969388725
8121200710,644826.1021217853
3764390100,595874.6095180536
9493200010,464669.43038260506
2902201301,751458.4996635125
3444120130,551120.4475342209
5256500025,617810.9403639772
4022902715,686610.151374905
871001500,847333.9498162491
2329700440,340880.7642827379
1773100275,387601.74990681885
7852160070,973975.9805469537
2141330560,730959.5488276684
2505500009,803027.9629993525
8647800150,449027.6156021337
4337000200,390007.97162236617
9264901680,391048.35749868
1773101050,469787.24226976035
9320990120,518563.8264792103
8856960280,475923.10789149214
5589300585,441605.4271116354
7935000595,1051619.4675139035
7203150080,698102.3780240496
5616000030,471347.3368043904
825059178,3303524.90577665
6666830390,822889.5989114764
8732900840,719888.5467522107
2095800520,624996.6546028348
1771000760,497871.7567245923
1901600090,511974.3236351743
8857600680,378065.2789642066
4038700830,688274.3319803558
8956200070,535594.3749566376
8081500050,1861177.8457562707
567000755,571248.057336069
424069264,772674.204357327
1564000410,880262.4360556863
2817100910,508249.83245689323
3303960080,955511.2273709981
3340401535,342827.7187946395
1622059095,452048.03736025386
3278601940,545848.5474142005
7202380120,584144.0083736116
745500010,883061.2990864038
6608500220,587423.65392422
8024201055,559791.3211307162
8929000140,573925.470005518
859000160,437871.54604426
8673400061,523301.8884171699
1269200229,1634353.3359352343
6705850300,841251.8808973534
3395040550,435453.9795484601
1697000370,382742.26722489647
5245600120,384489.26107911917
8892900180,373573.47470215807
1794500360,838145.7939660352
2025049192,682364.0669829827
1930301325,1018655.8744332305
4217402162,1420880.686409392
8126300410,573279.6995130299
3345700215,740550.1735354882
2887701420,582699.2261214415
2887701251,588838.1416703931
4036100175,742470.9089831545
6762700515,1161925.08088234
3192000085,361360.67871257645
226059096,1440808.9383212002
9238900855,637785.4129195203
6706200130,429493.6071870558
2744000010,422543.9618139744
7202271060,748402.6394334666
7923200150,674683.2603783342
162500030,487577.5226200122
2571910210,427593.67773015966
1523059105,525420.9647482628
6052401215,419487.22355540184
6626100260,827984.2592484683
8925100115,1358524.6815276293
5459500165,783433.0369592693
7686202635,349600.0165918632
1118001370,1483260.4598530054
122029066,576721.509401138
8039900130,486430.957069641
3262300235,1440383.4675065689
8860500300,457530.0077519636
8956000250,664993.464291101
1646501920,701226.2389262263
9284801500,583736.4215191376
1442880380,592075.7144956562
1311500020,402262.02666349197
254000695,490639.9654346639
9477101280,562785.694058511
9510970530,773516.4760006194
6891800500,685370.6930333787
9407000230,421914.05542090256
7202340590,809598.5107114865
8151600590,467082.8417236505
9407001600,434990.194681496
1771000690,469192.04877860006
1525069134,1123837.5185765391
8645540040,430338.78271049855
9414500200,555510.8742367013
7883607645,382983.3879621474
3845100140,477459.54570352234
2726049164,656357.2006535158
4340610040,452046.69070947095
1245003006,1333107.6359276976
1105000373,381204.7635158039
6083000123,365010.03644075035
1777600450,699109.015618959
9558000100,559993.1402309687
2473002060,464199.071717521
943100689,518049.8637051433
7544800395,539009.7146855345
1931300090,770226.2250502773
7936000252,651156.4628667008
7987400316,418246.764107003
5152700060,701485.434703036
1721801025,368983.50763220125
3438501450,469271.1935412589
9222400510,572886.8588866309
1796700160,417565.4444493189
323059208,549883.8158477427
3392100050,349286.77979412326
4038500210,819764.2655729009
6324000090,472917.44642161654
7549802535,616802.0620512504
3343900326,609952.3235345023
5701700640,900373.534201516
5249803185,699291.3296036061
8838900032,912917.8583321832
1237500577,923799.0046366034
8642600090,446609.13111206144
3303100075,630281.8391410494
2133020020,525405.1456760057
7950302890,583861.2191619774
2770601734,635933.3885186019
2538410140,487659.40865327226
8159600360,671513.2217946395
917000300,569883.5097887707
2391600330,516312.670682902
9285800585,652387.4634750383
2005950050,404572.4428512704
6450301835,500152.8571847079
2473480520,470967.2108240708
2818600010,1311436.499129658
952006728,474594.67110181466
3422049088,436993.4516121252
3629870420,1005925.9858989152
1079350090,497853.3609548426
1509500060,515960.72739385907
4039000050,653444.4258608025
5288200230,758058.5892017431
626400020,793157.1705651486
5457300095,1749374.1193561344
5000500055,379770.3467378898
324000530,598687.3950773319
6713100031,577412.4708561238
3316500200,607862.2746080373
3124059006,1254447.2655371898
1125079111,1675115.3105384456
7852020300,595036.3658949375
123039364,415130.9270285275
7883603190,404431.0318097281
9828700900,713832.177036073
6821100015,833849.4554220358
9522100375,767211.0278649689
2420069201,408641.7583886534
7504110330,832111.4893731048
475000510,697580.4313361385
2425059074,983715.660969855
7518503685,629201.7088277224
5466400550,391053.5172008624
7852150720,569304.15584125
3066400140,748019.6877779206
3298400470,650282.1393019663
2902200874,759573.3167980523
9500900110,364223.3211947874
8835200160,484829.815105108
6056100295,413195.74874690373
1858600042,489937.54133143486
7224500010,480595.39488944696
5457801925,886399.2930717807
7575620750,417381.32388709317
2391600735,618786.4682138481
6192400180,855177.3320667153
5249803870,747965.4110235412
3575302880,550692.4774821447
7225000045,382275.7069503378
5561720180,427874.40295642515
1972200428,628871.1069950215
892000025,370749.2700596819
2944510080,448200.83398712345
2428100100,949726.0983331825
6647400250,588221.429900626
121059038,490719.7708062291
6398000191,678608.2800545897
526059103,479772.17183039756
8856960720,490404.2185169129
3832500260,415207.5201629009
1623089025,614337.7804510468
3625710080,1121347.5433117845
6446200060,763118.8617497702
5706200370,632265.1149625881
5515600088,392345.49866147165
8029500360,494159.94157912344
6700390150,408707.45182570186
642500080,531983.693710335
6150700264,549293.9491644764
2473371780,487859.39111585624
3905120540,699734.6432253484
2652501215,862877.1581061536
3176100110,744843.7590318868
7574910650,874636.4136689221
6385800030,445480.81461666606
4443800960,672174.386456729
8731951490,442743.88895076956
3380900125,490886.5037073565
9828701508,746454.4217514336
6699950310,494111.3981895122
3321049112,528038.2127006454
1824079052,1101616.0410505908
8032700140,885686.7718497942
8679600150,704818.0365287957
5040800120,1074046.5437946233
2026059119,563305.4897460099
4024100951,554577.4470456388
7212650990,464379.9292953123
936000060,499492.78163098765
6181500340,459956.2784099642
1137400050,561136.0802441793
3324079092,539390.7396205822
4268200055,398330.2298902621
6145602240,544460.6063500182
475000176,563965.0556197925
3279000120,404753.6749867184
9392200030,428608.28352825635
3438500714,541710.4240719851
4306500070,550997.0450340913
8588000610,349612.7299247065
792500190,498994.3111258911
2461900850,571073.1342354954
2660500365,506752.60942813795
5451210100,1019417.5926020842
2787000040,472652.9683835745
3278602670,395684.61656659335
9528100899,779112.3338336251
1324079085,517121.30735144357
9477001140,557216.4593955257
9521100880,808588.278406407
7853210060,569771.8086360176
1326069094,604341.421442012
3420069065,459951.89350922545
5468730280,426706.32827016764
5437600140,477352.105238473
5127000410,488628.2247947286
5445300050,738487.761982245
3375300360,410637.3104857711
9297800165,757485.6442046103
6021500840,829028.9950775283
4323700230,592715.369749283
643000110,406384.0709852963
8043700105,2413620.4381031767
6824100014,552155.1266907488
9542830480,469472.5545015038
736100065,1024476.3875637514
2592210510,935513.2148142692
4233600260,1222329.222913811
1266200015,879740.1070007093
2787700060,529611.0803353109
8843900396,503750.823860519
8029500380,444271.66310077556
5292200010,597753.5596074206
1773100980,474329.84626466595
2886200070,740768.5670922907
8594400110,481683.7558128313
9268850180,470352.5991328084
4141800285,1561713.8800969762
3188100007,547017.163236254
1796380960,422045.6186605467
7202330030,604901.5186772154
8078440140,691509.4832780501
7983200060,383007.1124521617
4427100025,584981.6251377563
2113700510,485627.0748047631
6446200305,753688.303059475
3425079088,688686.8832218822
3304040130,524522.7939305136
3222069153,454323.40039089887
5127000470,493795.81875882717
7525100520,527920.8337909614
1868902745,973105.3633589593
2920700220,494352.4776892874
1105000780,542353.819966792
8563080020,929373.1840236702
3630090110,824823.9644945557
856000195,1948294.6108189793
8649401000,362002.5133119334
1315300095,828876.1972497607
6802200670,424024.5243141672
1523069022,479778.6787822465
2624049165,654379.0564036781
1972202080,726140.6954556352
7211340030,416096.8271837093
8850000180,532014.5188745708
2787250080,639758.8188311388
4235401055,654521.6878740937
5226500250,597111.3677919739
3294700421,503468.4390135425
322069180,759948.9154962722
1025059186,665051.7372351973
1923039022,810583.150694136
1402600110,523246.9990080667
6817810190,537369.3705705691
434000030,771792.6101882969
6056110460,719074.0853271526
4337000285,399598.2916886469
5710610250,732914.3093899434
1049010620,401291.70972252986
5112800234,539728.9876857594
2309000060,715732.4027611827
2985800030,626204.4899307516
1604601570,502916.3336435572
1563102435,946148.8641137629
257000105,363539.1429587614
6788201440,891959.7326482872
1442300005,574472.6585355558
4055700784,912454.8925412309
3889100029,899740.6475826313
4139450760,1109716.18306719
6079500230,837052.5820503149
259601010,546789.8540522978
3980300020,467295.5837256517
9390700100,662946.7966213927
7200001005,614178.0141356394
9264920250,440088.2667341472
8682260470,612566.242749639
4083303815,852610.4917712143
7383450250,479802.5456588221
253600180,589693.852340238
1450000210,355703.99937350274
1133000100,567699.6059334422
7511000050,1279212.0160352294
5710600030,685887.9008699089
4178300310,814835.9633786827
3041700570,653511.7040615061
1238500978,584479.2830632947
431500155,680264.2342011682
2937300050,1099085.18783171
1352300315,391813.713396781
3277800823,540297.1593816831
8895800110,1179358.1176147815
9274200318,663104.3955091431
1118001805,2410944.8599254373
629810720,907749.7909272669
6852700476,684034.0870954882
7345200650,402729.447143905
8929000290,582799.8091575365
5506500170,702138.2767248708
8899000140,420824.48197202774
4006000423,461178.7112254491
7137910140,423679.53690322745
2423020010,599594.4083586036
40000362,336455.4547959944
1657000070,410821.5423978361
2124700015,422583.6101122296
1887500045,420297.1388603496
6838000170,561172.9977575155
1310910290,432498.1421914274
3599600276,378801.4253955813
8142000080,511013.5910453727
8856971000,461957.63978426857
624100950,889303.5365317885
2767704332,593840.4447926288
405100165,562497.8817020851
6117501755,604741.6908362182
8961950410,487538.87135856115
1523550480,675060.3563143082
6840701160,713564.1125571689
3331500650,479255.3178831206
1862400517,527033.8633078906
9558021000,518699.4709593091
1310800090,375635.6178546869
5104511040,517182.7196315475
522059189,381247.22076035145
3448720020,550782.0607663783
1310700330,430172.97848691914
5649600462,451226.1319325852
1853000510,973937.7200496439
8128700005,474611.04727690434
6352600210,920712.6268416423
3754500010,908855.6870416275
1962200475,1037169.7214793407
1773100765,423003.08623773104
8895800200,1058845.798104336
1310900260,456583.4298650707
809001525,945327.7180102146
2624049103,508488.81044989725
9191200380,757591.4055732281
6600060120,611492.3567414093
8150100045,457454.99169070635
9558010190,515849.2923356216
4038700930,736876.597441396
2883200775,724749.9806037949
4036800910,604700.3972198686
8673400177,639923.4105013071
7110000068,1052803.195205196
3279000240,408469.6754267772
9545230280,668438.2103825754
8815400105,776174.1444361564
6738700075,995719.5455350721
8732030490,454011.5854155367
9532000070,674523.7421800289
7752400075,628711.968962851
3824100051,533205.9989803768
2768000270,653070.3078621165
108000127,669454.2048214739
844000225,449471.1228124986
6817850040,981820.3556633908
4447300137,1155242.442859734
8598900125,545722.5785794522
5072410070,652852.06030943
7129300520,411617.68975016696
3830210020,369612.3245879074
4137040250,452920.5429381895
3022079080,755998.7118370486
722039087,423086.98993206804
3924500040,762367.7737591027
2473381090,494890.1664580868
2201500490,535879.1881825795
9265410090,396586.36603144126
9286750100,524526.1344323894
2023700040,789597.7091822529
324000280,737056.6725964653
3814800280,511342.8567111821
7697100030,667827.9346726107
8731900790,488309.08911566157
8044700010,701461.381528628
6123600100,389578.0261959199
1450100390,362503.0059550283
579000550,678818.9087810958
2459000020,482848.0410551826
5016000315,596616.4756791574
1193000190,993817.6155159003
4038700730,717948.1028270988
1556200265,876427.4876846634
6600410170,369828.23890480027
642800130,837998.8848681591
1043000100,524106.66344644665
7809200055,418992.5728896918
7010700308,1117751.1185999173
8680500090,688945.7605009206
2719100355,773462.538499688
7905200147,646403.873852273
271200130,402978.53268368973
326049103,650835.3093236687
8682211030,590815.4203642383
1070000390,1261135.8172601978
8648700450,760953.3183366251
2695600410,587275.9288825165
8562710640,1017184.1218089899
1525200060,776465.2229376178
1822039138,1040378.0530359629
2767601375,695753.0548008085
3425069117,1464415.266217578
952004570,551246.6640115761
7625702616,440439.1925681444
9818700430,613055.9995373669
2822059091,448416.6056633203
1775900220,501739.9219541402
6371000079,819256.0439671567
293760150,1072266.6740252455
1336800880,1391981.371257207
2771600550,1115058.2885635325
3905040040,652722.5398633125
7787110060,604254.111618438
7708250040,516622.4521202818
4022901316,640436.6494694852
191100235,1131014.0300438837
7852050220,512908.06990298355
3293700480,556189.4349313374
2597450620,1549639.133141201
6169900580,1677915.2588013676
2767602855,871954.6528975081
810000080,1012161.8469082981
6392000625,679788.7379410499
1865810290,384284.8087899488
1568100380,519380.0032994024
5249804760,557335.2942764462
1337801060,981813.6772385149
6181410950,424132.08683457517
9264900660,465878.25472110044
9122001231,696192.5855210923
4427100030,519094.0989776491
7334400070,491251.037994752
425079001,731777.4462693895
7436500360,624504.1346008256
1245001295,788610.6307869318
1310500550,457856.98001788754
4047200950,448423.2129582758
9103000455,938039.3178757986
2291400341,481425.71007794765
3876100310,545687.7330160525
7131300031,405717.98186932644
7853380510,833729.8591095239
7409700215,762338.333715053
5248800250,556019.380656779
126039323,605531.1671482138
6632300207,510294.4442033273
3826501060,447496.42396076577
8024202520,580158.9890089058
3343901401,679542.6782402191
6431000005,747051.3034693326
9232900075,520603.1001171686
3056700150,410189.95343398035
5104511250,615311.131808202
3658700510,820668.3148309914
2895110062,463206.19895634457
7454000990,469854.3546768905
4038700680,807734.3124437542
7811220070,706803.0167509583
8091670030,545020.1612017468
3438503045,433346.641568071
6388900710,664476.7616733309
7956300020,371215.4116232941
1775930440,627746.4589280831
1762600190,1208438.7702761507
6600400260,399916.8144844798
8728550150,719453.342458467
8155500110,723546.3921165603
9169600135,595086.9263287014
1777600490,761412.4053541138
125059179,694498.6708759452
7558700030,4040921.308928089
1702900624,472474.8749923882
3343901403,737002.2871910939
5101400994,554720.1469415373
5547500050,446283.8176678239
1705400350,500045.142443071
629810800,936454.8006648014
4104900150,711129.3963879455
7888000390,371082.69479044946
4140900270,535432.8253659506
6649900030,603442.8203259443
820000012,538986.5505669834
6151800080,511802.79572652176
7454001060,448966.4367403489
8682262330,592016.9396270533
1566100010,541756.5081445383
1180500070,552269.4927402163
1112630130,521051.4257938406
3101500090,544762.1904398544
8682310220,808497.1742613353
4032500035,639576.837230883
1623800440,657355.1661407693
1088400190,439431.05581550125
751000080,586170.2892683526
6675500070,574138.416132626
2193340140,683899.4500863111
522049074,613741.4172399199
3204500340,451186.37082244584
5104200470,587824.3588774086
7517500611,820676.1399788687
2946002140,402896.5605693563
7631800110,1270281.3108582045
3529300330,511992.09197757044
3885801970,708813.5163363203
5456000570,1153725.3193356777
4123810090,510992.8481320909
4037000635,712333.2183105787
8079030350,592922.7304129025
1726069060,722026.4326111202
6858700225,420545.54130777554
3356406510,422966.56078975496
5423030040,723476.075870171
3111300040,596938.6887760329
259800060,596057.3991229511
1972202320,574885.7759102827
5100403818,553776.6368878784
1422700040,398513.31747622404
3625049014,2811752.3675112636
7852011040,698609.2412800234
1201500010,751327.5078726573
7195800009,476953.8100444969
9407001320,456246.15689941566
9508850100,710262.8423733306
1328340380,462685.8535941505
3885804305,946566.1279823247
7128300630,694261.9628455619
7574000080,526269.3102819385
3744000150,639783.6821399486
2607720150,665454.2213210887
7203190110,799499.8069205815
3904902430,770773.6682500767
11501160,884070.2877369045
9209900315,664080.9716198758
9465910030,714911.1994524882
3622069103,806706.9051445937
3288301010,628476.3413391421
4395600060,1033093.1918431965
7694200380,511427.0264738465
9552700550,795186.7596326453
9264921110,461383.655373484
6738700225,1222975.1340167793
293620220,945700.8540766804
7525300310,745860.7454900641
3992700036,566523.2096875288
3577300040,612290.0471741069
3812400202,407477.0312836425
2402100055,843249.8791187697
1853080790,983605.2726394767
1994200260,822325.9459939463
1339300025,1008159.0336391537
7616200050,693105.2173213633
4022902555,744513.656151978
9528102110,769664.9597395184
6613001241,1715728.3142155143
3205400240,530426.5744485271
6065300840,2182804.3776932643
7852040080,632644.4179283588
1920079039,459828.4253819827
2817910030,597198.2744493685
1563102880,901534.5053780519
8561200110,728124.657009461
629000605,1237708.178564242
2781270440,428761.44879678456
6152900273,514788.57852737594
3303950130,534626.1145340853
6411600113,532873.2615621232
4055700167,940890.4847700692
291310310,659063.8518726232
9523100550,999513.4480258055
724069070,998037.1200731782
2408800120,520950.5763262528
7559600200,748636.615970291
8165500790,558282.4798252976
7856620870,965138.7596967074
1588600040,583672.324866576
1023059246,626701.6607015522
1938000140,920824.5483987988
6061400160,547464.8625734886
4167300350,445239.4639983446
8649400790,370351.93881058175
173000036,525543.5407455042
225039049,758038.797295661
8043700300,2242616.7434607064
3834000400,536896.6051622591
4054530260,1774828.834228451
8724300010,762600.3383345283
9358002232,525697.7622523638
3298700012,450180.87822907494
1125059071,1010070.8396793033
3885805300,647668.8636987545
5315100784,1287101.425030682
3861400030,920266.6905690831
7202340010,756158.8938177531
7272001805,479110.16155773716
2781250230,487195.7902471998
1042700300,976422.3282151027
123039279,396999.9948166616
3760500336,1475632.311378378
6979940100,917453.1535872817
686300880,728530.4420881215
5214500690,615490.7877338134
6021502250,771766.0059468999
1320069223,537484.455603105
2871000300,899493.5947260706
2724069117,591719.044087006
1159400220,947346.2793961032
2571900380,464769.71520552936
5528600050,551138.4263202314
7686202730,351850.46497287403
2225059118,971841.193564693
2558630350,574224.4249592884
3655400060,593126.342668554
9558200080,521786.6525871703
1796100015,745078.0061752691
3378900020,652906.0336468988
5416500040,489792.2929378712
8856004582,391640.8704742528
3812400107,617892.315859645
6126601445,678937.315599747
2997800021,610180.9955539989
1211000280,567655.4699314011
766800090,454280.46875420323
3224079005,521071.3619231952
619000100,562693.6991370189
4319200620,534402.029071543
626059335,641427.1050604363
3340401570,498983.10989445646
7015200800,740487.2210731948
8106300510,612366.6893591158
1446110020,573851.0879602652
2872900280,730217.8335690106
8965500320,885886.8588825742
7853300070,675068.3553625825
5652601455,929779.7410345918
7579200915,959262.4355112372
2641400160,556368.222502341
203900460,567727.6182014827
2998800040,826344.11418355
7519000170,747348.3562294738
923000425,990500.2783665
2973800030,420984.5159082278
6430500182,1174720.0468234448
7304301010,592040.0354058245
3861470110,1834796.3480109447
2296500136,1030849.3531576472
6790950150,873319.0167982569
8123100045,703907.4556038338
3142600130,801943.4611332854
7137970130,492549.5583224102
8656800190,565541.3352838358
7135300046,437698.7893885827
3629960680,589664.6851363425
1133000385,913693.4353735272
1085621960,506293.40860699705
9542802000,407190.35826175386
8151600973,697997.0011600384
7019000050,543664.4230939535
6021501920,774304.6152883058
7399300420,424850.4257878352
7548300731,703503.2176240702
5316100220,1124804.0126792374
5152600090,461358.1034940006
1703400470,593444.2577886702
7316400070,467724.25945003645
5561300380,623990.1118741157
2215450100,500745.30767634127
8635750330,775229.3154011876
9492500140,1040367.4376834824
5315100393,806423.1818170196
8588000315,402253.09638671984
7524200180,430521.7312021153
4235400255,594292.3775816171
326069131,796267.4394053745
4077800026,967880.8250344141
9477000120,557160.5788340489
5608000590,1119411.2067543291
4137050130,460851.25720481086
5249801440,569130.0383452019
9264901510,441122.10193485586
5437820250,412599.4171593624
200500410,651902.0255854916
9407111100,451492.28230637644
126039252,568624.4762254196
6141100255,627694.5335733489
3013300830,545935.5922957842
3271300955,1016778.2778946091
3021059276,433866.6974038492
9542000050,872207.990472636
2769600035,875284.4417518673
3824100364,643271.9195142403
1726069202,592476.1318533178
7327500270,546749.3126071009
1189000207,593358.0888964788
2472950160,456009.8257892955
9558040050,693857.7266807612
3438503120,491217.15287641925
9407150240,473431.00747190433
1370804295,795550.9485491406
5700001100,817833.8768588605
6837820030,552137.8209371534
5411600210,873331.9237860795
5061300030,394326.7887907619
525069133,977229.5541052722
2121000250,546104.7628174352
3179100720,750002.5619126786
2780700050,627875.4732407198
1545805820,458662.0584621069
5702380630,443437.87860551395
9211010260,693307.4225819125
7129300595,472525.63437174645
6802200100,446990.42525887815
3304030140,565620.4436151658
2623039019,1457182.8723449751
104500730,398609.88594855263
2924069132,780821.8494695167
1775500310,786485.2378328275
8114000040,522591.3251259707
2011400021,561182.0134522283
7525570020,796847.0127999337
2917200615,580078.6044509996
7697000170,474385.24130114407
7871500070,984818.0082173327
7215722010,650921.01650275
6300000378,637464.6058430453
7159200005,2674449.6604017336
8946410040,554454.8779438531
3893100327,589039.6780237402
635000009,1105925.8788278718
2322069116,623543.7710352247
2760200050,530753.3991955133
3432500210,483931.7955686387
5700000245,754637.6687648778
7588700177,526048.0066228745
9178600135,904361.2829379118
9830200475,681198.1986240932
8562780160,498558.13553700305
9826701665,678861.210723991
7504010900,829995.8901505105
2770606915,649146.5325157043
1254200075,800751.1231769721
2473450430,572921.0087796509
1433290010,586811.3772715309
7586200061,546460.4468879083
6841700070,687968.9491924667
9826701320,612601.8944773864
8943600720,473696.811363664
6791900260,908406.3868840531
2301400640,953229.34120117
7979900210,523181.29652130563
4037200665,561600.5170242428
984000650,458373.7549505787
2937300060,1041301.2261940287
8731982190,457293.3714455869
1445200190,421152.87257060595
952003285,924774.7890374745
1402970020,554144.2595321476
2487700274,545565.6931579267
8113101670,604022.2620212234
8682300400,811249.0757281664
809002435,947100.4530465166
4045900147,795749.8057010625
2991000400,471459.58163957746
9456200405,396966.9086285342
5104510370,501774.86134482233
9414610240,636740.7707685103
2111010760,535308.6839600106
1854900430,775648.5330851907
2624300080,937805.0193701902
3645100280,648873.4668666149
1433100010,448243.0768755359
9533600100,1360580.748996981
6743700030,700772.0845498184
9294300070,860888.9387633372
2114700540,450447.28769173793
7853280550,838975.9453090513
868000175,878025.7312637194
1446401290,416885.41051754955
9109000050,505334.99915014644
8856004327,467014.38906035735
2329800110,467218.02088423
3031200230,519388.16236924
7582700075,1708782.7442996255
2422049104,337851.0147913706
9274202885,816249.991178192
1770000090,589449.797685086
9500900430,438407.9827484725
7305900082,555068.7952728295
3336000170,558444.6397848468
5680000455,842640.557899744
9808630210,950735.3878285824
8807810110,592878.2985526917
3824100211,608485.2392339193
3423059153,745514.2020536831
3937900120,627192.3277349522
524059323,1051454.9321980474
4305600250,718641.8287196062
1257201375,745201.2657701911
853600150,1377980.5208761492
2424059174,1608301.1173233925
5205000400,472310.40199883
2658000115,403717.78318993474
3055800020,485469.01988724625
357000025,735115.8019930826
5666300010,537214.3407515188
4167700210,459522.58251912287
9187200275,925260.1457624282
2960900040,630307.4847534278
1021049022,477409.7983822854
7750500120,443924.14303324523
7153200160,1507083.8022782877
4406000390,467949.7492622881
629800380,1281856.672155605
2026049125,469400.7648102953
6117502230,2415983.5031624134
3379100130,649672.9757994493
2472920140,586778.0478093715
7214720075,787438.7172900601
1771110070,526803.8473709099
5127001600,490642.7635847848
6666860210,509785.32875857747
5467200055,519983.5121541434
7819000040,545154.4695555012
3790700070,479315.94702860696
6362900138,538963.3164755299
597000593,518996.2235388764
8032700070,834344.6478341366
9301300215,1082230.423028234
8902500118,561396.3225485866
6607000095,555987.2051477653
2163900081,977346.6776405136
7732500270,852286.1174607622
3856903515,895334.1244377651
2557000400,460649.5339040905
4386700135,2274296.4876673934
7399000360,494450.1571991942
